author_name,planet_author_name
Jennifer L. Armentrout,jl-armentro
Rick Yancey,r-yancey
Stephenie Meyer,s-meyer
Pittacus Lore,p-lore
Melissa Landers,m-landers
Orson Scott Card,o-card
Ruby Dixon,r-dixon
Douglas Adams,d-adams
Evangeline Anderson,e-anderson
Amie Kaufman,a-kaufman
Marissa Meyer,m-meyer
Laurann Dohner,l-dohner
H.G. Wells,h-wells
M.K. Eidem,m-eidem
Becky Chambers,b-chambers
Gena Showalter,g-showalte
Melissa  West,m-west
R. Lee Smith,r-smith
Amanda Milo,a-milo
Liu Cixin,l-cixin
Ilona Andrews,i-andrews
Eve Langlais,e-langlais
Sylvain Neuvel,s-neuvel
Anna Zaires,a-zaires
Penelope Fletcher,p-fletcher
S.E. Smith,s-smith
Brian K. Vaughan,bk-vaughan
Nnedi Okorafor,n-okorafor
Ernest Cline,e-cline
Patrick Ness,p-ness
Arthur C. Clarke,ac-clarke
Lyn Gala,l-gala
Gini Koch,g-koch
Octavia E. Butler,oe-butler
Matt Haig,m-haig
Kurt Vonnegut Jr.,k-jr.
Rachel Bach,r-bach
R.J. Anderson,r-anderson
Zoey Draven,z-draven
Sherrilyn Kenyon,s-kenyon
Kimberly Derting,k-derting
John Scalzi,j-scalzi
V.C. Lancaster,v-lancaste
Lolita Lopez,l-lopez
Brandon Sanderson,b-sanderso
Shaun David Hutchinson,s-hutchins
Anna Carven,a-carven
Megan Shepherd,m-shepherd
Stacey Kade,s-kade
Michelle Diener,m-diener
Ray Bradbury,r-bradbury
Stephen King,s-king
C.L. Scholey,c-scholey
Poppy Rhys,p-rhys
Mary Doria Russell,m-russell
Kiersten Fay,k-fay
Lisa Henry,l-henry
Eve Silver,e-silver
Ann Aguirre,a-aguirre
Alessandra Hazard,a-hazard
Ursula K. Le Guin,uk-guin
Willow Danes,w-danes
Demitria Lunetta,d-lunetta
Amy A. Bartol,aa-bartol
Michelle Howard,m-howard
James Patterson,j-patterso
Tracy St. John,ts-john
Victoria Aveline,v-aveline
Carl Sagan,c-sagan
Madeleine L'Engle,m-l'engle
Robert A. Heinlein,ra-heinlein
Susan Trombley,s-trombley
James S.A. Corey,js-corey
Beth Revis,b-revis
K.A. Applegate,k-applegat
Adam Rex,a-rex
Stacy  Jones,s-jones
Joe Haldeman,j-haldeman
China Miéville,c-miéville
J.M. Link,j-link
Margaret Stohl,m-stohl
Malinda Lo,m-lo
Kaitlyn O'Connor,k-o'connor
Hank Green,h-green
Theresa Kay,t-kay
Anna Hackett,a-hackett
Peter Watts,p-watts
Trisha Leigh,t-leigh
J. Barton Mitchell,j-mitchell
Ann Leckie,a-leckie
Jaid Black,j-black
Stephanie   Snow,s-snow
Larry Niven,l-niven
Jeanette Lynn,j-lynn
M.A. Church,m-church
Judy Mays,j-mays
Michael Crichton,m-crichton
Claire Kent,c-kent
Angela Castle,a-castle
T.A. White,t-white
Renee Rose,r-rose
J. Fally,j-fally
Erin Tate,e-tate
Vernor Vinge,v-vinge
G.L. Carriger,g-carriger
Lindsay  Ellis,l-ellis
Kora Knight,k-knight
Jaymin Eve,j-eve
Rob Colton,r-colton
Alechia Dow,a-dow
Lanette Curington,l-curingto
Michelle M. Pillow,mm-pillow
Eileen Glass,e-glass
David Wiesner,d-wiesner
Rachel Caine,r-caine
Calista Skye,c-skye
Wesley Chu,w-chu
Erin Raegan,e-raegan
Catherynne M. Valente,cm-valente
Laurie Roma,l-roma
Melinda Metz,m-metz
Adrian Tchaikovsky,a-tchaikov
Cara Bristol,c-bristol
Tim Lebbon,t-lebbon
Christopher Paolini,c-paolini
Cia_,c-cia_
Karen Lord,k-lord
Robin L. Rotham,rl-rotham
Neil Gaiman,n-gaiman
Louise Wise,l-wise
Whitley Strieber,w-strieber
Honey Phillips,h-phillips
Stanisław Lem,s-lem
Linda Mooney,l-mooney
RaShelle Workman,r-workman
Tade Thompson,t-thompson
Sadie Carter,s-carter
Sandra   Harris,s-harris
Lexi Ander,l-ander
Tymber Dalton,t-dalton
Edgar Rice Burroughs,e-burrough
Sue Burke,s-burke
Stephanie West,s-west
Hiroshi Sakurazaka,h-sakuraza
Taylor Vaughn,t-vaughn
Robin Moray,r-moray
Andrea K. Höst,ak-höst
Cheryl Brooks,c-brooks
Lara Adrian,l-adrian
Dan Simmons,d-simmons
Angelique Anjou,a-anjou
Lydia Hope,l-hope
Tiffany Roberts,t-roberts
Grace  Goodwin,g-goodwin
Jennifer Foehner Wells,j-wells
Jeff VanderMeer,j-vanderme
Cherise Sinclair,c-sinclair
Iain M. Banks,im-banks
Isaac Asimov,i-asimov
Isabel Wroth,i-wroth
Chani Lynn Feener,c-feener
Scarlett Dawn,s-dawn
Shelly Crane,s-crane
Kresley Cole,k-cole
Miranda Bridges,m-bridges
Milana Jacks,m-jacks
Miranda Martin,m-martin
Rob  Reid,r-reid
Walter Jury,w-jury
C.J. Cherryh,c-cherryh
Scott Sigler,s-sigler
Ted Chiang,t-chiang
Arkady Strugatsky,a-strugats
Ann Mayburn,a-mayburn
Erica Stevens,e-stevens
Clifford D. Simak,cd-simak
L.A. Casey,l-casey
Dennis E. Taylor,de-taylor
Charlee Allden,c-allden
Mina Carter,m-carter
Megan Crewe,m-crewe
Erich von Däniken,e-däniken
Frank Herbert,f-herbert
Anne McCaffrey,a-mccaffre
Laura Pohl,l-pohl
Jamie Craig,j-craig
Julia Rachel Barrett,j-barrett
C.S. Lewis,c-lewis
Cynthia Sax,c-sax
Marie Dry,m-dry
Elizabeth Norris,e-norris
Loribelle Hunt,l-hunt
Peter F. Hamilton,pf-hamilton
S.J. Sanders,s-sanders
K. Webster,k-webster
Naomi Lucas,n-lucas
Grace Draven,g-draven
Erin Durante,e-durante
Johanna Lindsey,j-lindsey
Robert Charles Wilson,r-wilson
Sara Wolf,s-wolf
Shannon Hale,s-hale
Susan Grant,s-grant
John Christopher,j-christop
Lee Savino,l-savino
Alana Khan,a-khan
Jomny Sun,j-sun
Kim Fox,k-fox
Jack Finney,j-finney
Alan Dean Foster,a-foster
Dean Koontz,d-koontz
Olivia  Riley,o-riley
A.G. Wilde,a-wilde
Tracy Lauren,t-lauren
Mark Alders,m-alders
Ben Hatke,b-hatke
David Brin,d-brin
Hope Hart,h-hart
Sandra R. Neeley,sr-neeley
Bey Deckard,b-deckard
Hannah Davenport,h-davenpor
Shea Malloy,s-malloy
Michel Faber,m-faber
Jory Strong,j-strong
Dara Joy,d-joy
Alastair Reynolds,a-reynolds
H. Beam Piper,h-piper
Kate Rudolph,k-rudolph
Robison Wells,r-wells
Samantha Shannon,s-shannon
Brenda Hiatt,b-hiatt
Cecil Castellucci,c-castellu
Bethany Aan,b-aan
Angel  Martinez,a-martinez
Morgan Hawke,m-hawke
Farah Naz Rishi,f-rishi
M.T. Anderson,m-anderson
Wendy Higgins,w-higgins
Scott Reintgen,s-reintgen
Layla Nash,l-nash
Dianne Duvall,d-duvall
Theolyn Boese,t-boese
Marly Chance,m-chance
Bruce Coville,b-coville
Elizabeth Moon,e-moon
Mira Grant,m-grant
Sara Page,s-page
Shannon West,s-west
Gail Koger,g-koger
James Frey,j-frey
J.K. Accinni,j-accinni
Margaret McNamara,m-mcnamara
Amber Kell,a-kell
Robert J. Sawyer,rj-sawyer
Frederik Pohl,f-pohl
William Gibson,w-gibson
Nathan W. Pyle,nw-pyle
Kelly Lucille,k-lucille
D.B. Reynolds,d-reynolds
Leora Gonzales,l-gonzales
T.J. Yelden,t-yelden
Monette Michaels,m-michaels
K.C. Burn,k-burn
Carly Fall,c-fall
Laura Jo Phillips,l-phillips
Katherine Allred,k-allred
Delores Diamond,d-diamond
Sean Platt,s-platt
Jason M. Hough,jm-hough
Paul Antony Jones,p-jones
Johan Harstad,j-harstad
Kate Pearce,k-pearce
Tanya Huff,t-huff
Antoine de Saint-Exupéry,a-saint-ex
Oliver Jeffers,o-jeffers
Jordan L. Hawk,jl-hawk
Michele Mills,m-mills
Ruby Lionsdrake,r-lionsdra
Mara Frost,m-frost
Christopher Golden,c-golden
Jennifer M. Eaton,jm-eaton
G.S. Jennsen,g-jennsen
Jamie Grey,j-grey
Hazel Gower,h-gower
Stormy Glenn,s-glenn
Steve Perry,s-perry
Linnea Sinclair,l-sinclair
Ella Maven,e-maven
Lea Linnett,l-linnett
Nia Mars,n-mars
Siobhan Davis,s-davis
Tasha Black,t-black
Aya Morningstar,a-mornings
Carrie Jones,c-jones
Alexandra Blogier,a-blogier
Celia Kyle,c-kyle
James L. Cambias,jl-cambias
Nicole Krizek,n-krizek
K.D. Jones,k-jones
Edward W. Robertson,ew-robertso
John W. Campbell Jr.,jw-jr.
Alexis Deacon,a-deacon
Walter Tevis,w-tevis
Laura Baumbach,l-baumbach
Timothy Zahn,t-zahn
Bianca D'Arc,b-d'arc
Ava  Jae,a-jae
Milly Taiden,m-taiden
James A. Moore,ja-moore
Solange Ayre,s-ayre
Christine Pope,c-pope
Christine d'Abo,c-d'abo
Kitty Thomas,k-thomas
Luna Kingsley,l-kingsley
Caroline  Gibson,c-gibson
Addison Cain,a-cain
Nancey Cummings,n-cummings
Fonda Lee,f-lee
Mychal Daniels,m-daniels
Peggy  Barnett,p-barnett
Jenn Burke,j-burke
Jamie McGuire,j-mcguire
Devi Mara,d-mara
Martin Leicht,m-leicht
A.M. Hargrove,a-hargrove
Claire Freedman,c-freedman
Luna Hunter,l-hunter
Lesli Richardson,l-richards
Pearl Tate,p-tate
Bex McLynn,b-mclynn
Jon Agee,j-agee
Susan  Hayes,s-hayes
Antoinette Portis,a-portis
Lisa Lace,l-lace
Mardi Maxwell,m-maxwell
Karen McQuestion,k-mcquesti
Mindee Arnett,m-arnett
Christian Schoon,c-schoon
Suze Reese,s-reese
Trista Ann Michaels,t-michaels
Ann Somerville,a-somervil
Marie Harte,m-harte
Stephen Wallenfels,s-wallenfe
Jess Granger,j-granger
John Wyndham,j-wyndham
Autumn Dawn,a-dawn
Robin Lovett,r-lovett
Jim C. Hines,jc-hines
Gabrielle S. Prendergast,gs-prenderg
Catherine   Miller,c-miller
Lea Kirk,l-kirk
Jeff Lemire,j-lemire
Jacqueline Rhoades,j-rhoades
Gwendolyn Cease,g-cease
Kari Gregg,k-gregg
Aleksandr Voinov,a-voinov
Jean Johnson,j-johnson
J.C. Owens,j-owens
Ella James,e-james
Tracey Lee Campbell,t-campbell
Julie E. Czerneda,je-czerneda
S.M. Matthews,s-matthews
Tana Stone,t-stone
A.G. Riddle,a-riddle
Charlie Jane Anders,c-anders
Craig Alanson,c-alanson
Cadwell Turnbull,c-turnbull
Alison Aimes,a-aimes
B.D. Snowden,b-snowden
Mikayla Lane,m-lane
Stormy McKnight,s-mcknight
Marko Kloos,m-kloos
Cyndi Friberg,c-friberg
S.L. Viehl,s-viehl
Eoin Colfer,e-colfer
Jack McDevitt,j-mcdevitt
Karen Traviss,k-traviss
Presley Hall,p-hall
Martha Wells,m-wells
Kiki Burrelli,k-burrelli
Chana Porter,c-porter
C.W. Gray,c-gray
Gene Doucette,g-doucette
H.P. Lovecraft,h-lovecraf
Caryn Lix,c-lix
Mary Auclair,m-auclair
Scarlett Starkleigh,s-starklei
Regine Abel,r-abel
Claudia Gray,c-gray
Vi Voxley,v-voxley
Tammi Sauer,t-sauer
Harmony Raines,h-raines
Vera Nazarian,v-nazarian
Susan Kearney,s-kearney
Amylea Lyn,a-lyn
Sylvia Day,s-day
Richard Paul Russo,r-russo
Greg Bear,g-bear
Elizabeth Bear,e-bear
Geoff Rodkey,g-rodkey
Auryn Hadley,a-hadley
Marla Therron,m-therron
Maddie Taylor,m-taylor
Emma Newman,e-newman
Sabine Priestley,s-priestle
Kim Fielding,k-fielding
J.J. Lore,j-lore
Will McIntosh,w-mcintosh
Janet  Edwards,j-edwards
Patricia A. Knight,pa-knight
Michael  Grant,m-grant
Melanie Nilles,m-nilles
David Weber,d-weber
Marcella Burnard,m-burnard
Mark Haddon,m-haddon
Justine Davis,j-davis
Michael Flynn,m-flynn
Elizabeth  Stephens,e-stephens
Hitoshi Iwaaki,h-iwaaki
David Wellington,d-wellingt
Cari Silverwood,c-silverwo
Kelly   Jensen,k-jensen
Veronica Roth,v-roth
Elsa Jade,e-jade
Marina Maddix,m-maddix
Chris T. Kat,ct-kat
Shae Mills,s-mills
Nancy Kress,n-kress
Janet  Miller,j-miller
Ruth Ann Nordin,r-nordin
Syd McGinley,s-mcginley
Joanna Wylde,j-wylde
Angelia Whiting,a-whiting
C.B. Conwy,c-conwy
S.D. Perry,s-perry
Jon S. Lewis,js-lewis
Alison Goodman,a-goodman
Sheri S. Tepper,ss-tepper
Catherine Spangler,c-spangler
Neal Stephenson,n-stephens
Jude  Gray,j-gray
John L. Hare,jl-hare
Alex White,a-white
Evan Currie,e-currie
Craig A. Falconer,ca-falconer
J. Patrick Black,j-black
Jenika Snow,j-snow
Samantha Cayto,s-cayto
Sue Mercury,s-mercury
Lia Black,l-black
Cambria Hebert,c-hebert
Lizzy Ford,l-ford
Mini Grey,m-grey
Mark Verheiden,m-verheide
S.G. Redling,s-redling
John Connolly,j-connolly
Belinda McBride,b-mcbride
Lisanne Norman,l-norman
Amy Thomson,a-thomson
David Bischoff,d-bischoff
Philip K. Dick,pk-dick
Naomi Novik,n-novik
Scott Westerfeld,s-westerfe
Susanna Clarke,s-clarke
Michael Chabon,m-chabon
Robert   Harris,r-harris
Mary Robinette Kowal,m-kowal
Kim Stanley Robinson,k-robinson
Eric Flint,e-flint
Harry Turtledove,h-turtledo
Jasper Fforde,j-fforde
Philip Roth,p-roth
Cherie Priest,c-priest
Jo Walton,j-walton
Justina Ireland,j-ireland
Ben H. Winters,bh-winters
Gail Carriger,g-carriger
Ryan Graudin,r-graudin
Sarah Gailey,s-gailey
Seth Grahame-Smith,s-grahame-
Alan Moore,a-moore
S.M. Stirling,s-stirling
Colson Whitehead,c-whitehea
Kim Newman,k-newman
Ian Tregillis,i-tregilli
Taylor Anderson,t-anderson
Max Brooks,m-brooks
Cynthia Hand,c-hand
John Birmingham,j-birmingh
Kiersten White,k-white
Mark Hodder,m-hodder
Margaret Atwood,m-atwood
P. Djèlí Clark,p-clark
Philip Pullman,p-pullman
Keith Roberts,k-roberts
C.J. Sansom,c-sansom
Len Deighton,l-deighton
Ward Moore,w-moore
Nisi Shawl,n-shawl
George Orwell,g-orwell
Stephen Fry,s-fry
Jacqueline Carey,j-carey
Patricia C. Wrede,pc-wrede
Larry Correia,l-correia
Katharine McGee,k-mcgee
E.K. Johnston,e-johnston
Charlaine Harris,c-harris
Brooke Bolander,b-bolander
Richard Dreyfuss,r-dreyfuss
Alan Smale,a-smale
Kate Elliott,k-elliott
Terry Pratchett,t-pratchet
Robert Conroy,r-conroy
Robert Cowley,r-cowley
Steven Barnes,s-barnes
V.E. Schwab,v-schwab
David Drake,d-drake
Laura Andersen,l-andersen
L. Sprague de Camp,l-camp
Matt Ruff,m-ruff
Kate Atkinson,k-atkinson
Marie Brennan,m-brennan
Harry Harrison,h-harrison
Zen Cho,z-cho
George R.R. Martin,gr-martin
Meljean Brook,m-brook
Peter Tieryas,p-tieryas
Kazuo Ishiguro,k-ishiguro
Sinclair Lewis,s-lewis
Stephen L. Carter,sl-carter
Kate Locke,k-locke
Genevieve Cogman,g-cogman
Jonathan Stroud,j-stroud
Connie Willis,c-willis
Greg Keyes,g-keyes
M.K. Hobson,m-hobson
David D. Levine,dd-levine
John M. Ford,jm-ford
Robert Silverberg,r-silverbe
Kingsley Amis,k-amis
Elan Mastai,e-mastai
Gregory Benford,g-benford
Malorie Blackman,m-blackman
Rod Duncan,r-duncan
Mark Millar,m-millar
George Mann,g-mann
Robert Sobel,r-sobel
Naomi Alderman,n-alderman
Guy Gavriel Kay,g-kay
Kenneth Oppel,k-oppel
Anne Lyle,a-lyle
Clay Griffith,c-griffith
Norman Spinrad,n-spinrad
Brendan DuBois,b-dubois
Joan Aiken,j-aiken
Gardner Dozois,g-dozois
Claire North,c-north
Adam Christopher,a-christop
Stephen Baxter,s-baxter
Christopher Moore,c-moore
Suzanne Collins,s-collins
Curtis Sittenfeld,c-sittenfe
Annalee Newitz,a-newitz
Shanna Swendson,s-swendson
Robin LaFevers,r-lafevers
William R. Forstchen,wr-forstche
Anne Bishop,a-bishop
Vic James,v-james
Hannu Rajaniemi,h-rajaniem
Andrea Cremer,a-cremer
Mike Resnick,m-resnick
Sophia McDougall,s-mcdougal
Newt Gingrich,n-gingrich
Félix J. Palma,fj-palma
Jessica Spotswood,j-spotswoo
Christopher Priest,c-priest
Jon Courtenay Grimwood,j-grimwood
Owen Sheers,o-sheers
Dan Vyleta,d-vyleta
Michael Moorcock,m-moorcock
Terry Bisson,t-bisson
Charles Stross,c-stross
Garth Nix,g-nix
Roshani Chokshi,r-chokshi
Omar El Akkad,o-akkad
Colin Taber,c-taber
Mark Twain,m-twain
Tim Powers,t-powers
Barry Hughart,b-hughart
Guy Saville,g-saville
Jonathan Hickman,j-hickman
Randall Garrett,r-garrett
Ben Elton,b-elton
David Kowalski,d-kowalski
Ian McEwan,i-mcewan
Tara Sim,t-sim
Sydney Padua,s-padua
S.E. Grove,s-grove
Haruki Murakami,h-murakami
Lavie Tidhar,l-tidhar
Martin H. Greenberg,mh-greenber
Madeleine E. Robins,me-robins
Beth Cato,b-cato
Pip Ballantine,p-ballanti
Ian Watson,i-watson
Diana Gabaldon,d-gabaldon
James P. Hogan,jp-hogan
MacKinlay Kantor,m-kantor
Alix E. Harrow,ae-harrow
Casey McQuiston,c-mcquisto
P.N. Elrod,p-elrod
Charlie N. Holmberg,cn-holmberg
Bernardine Evaristo,b-evaristo
Peter G. Tsouras,pg-tsouras
Jenny Davidson,j-davidson
Jodi Taylor,j-taylor
Gareth L. Powell,gl-powell
Deborah Harkness,d-harkness
Dennis E. Showalter,de-showalte
Dan Abnett,d-abnett
Katharine Burdekin,k-burdekin
Mercedes Lackey,m-lackey
Tom        Miller,t-miller
Allen M. Steele,am-steele
Todd Strasser,t-strasser
Colleen Gleason,c-gleason
Mary Gentle,m-gentle
Felix Gilman,f-gilman
Cassandra Clare,c-clare
Ken Grimwood,k-grimwood
Fumi Yoshinaga,f-yoshinag
Marjorie M. Liu,mm-liu
Natasha Pulley,n-pulley
Sally Gardner,s-gardner
Ekaterina Sedia,e-sedia
Niall Ferguson,n-ferguson
Laura Ruby,l-ruby
Bruce Sterling,b-sterling
Aliette de Bodard,a-bodard
Iver P. Cooper,ip-cooper
D.B. Jackson,d-jackson
Ransom Riggs,r-riggs
Jeff Greenfield,j-greenfie
Aldous Huxley,a-huxley
Douglas Niles,d-niles
Leo Frankowski,l-frankows
Philip Reeve,p-reeve
Rivers Solomon,r-solomon
K. Chess,k-chess
Maurice Broaddus,m-broaddus
Austin Grossman,a-grossman
Lee   Kelly,l-kelly
Alison Morton,a-morton
John Maddox Roberts,j-roberts
Lila Bowen,l-bowen
Evelyn Skye,e-skye
Tony Schumacher,t-schumach
G.T. Almasi,g-almasi
David Mitchell,d-mitchell
Lilith Saintcrow,l-saintcro
Phil Foglio,p-foglio
John W. Hackett,jw-hackett
Katherine Addison,k-addison
Theodora Goss,t-goss
Blake Crouch,b-crouch
Laura Anne Gilman,l-gilman
Caroline Tung Richmond,c-richmond
Libba Bray,l-bray
Michael A. Stackpole,ma-stackpol
Nick Gevers,n-gevers
Thomas Harlan,t-harlan
Poul Anderson,p-anderson
Jim Fergus,j-fergus
Andre Norton,a-norton
L.E. Modesitt Jr.,l-jr.
Warren Ellis,w-ellis
Holly Black,h-black
Lian Hearn,l-hearn
Adam Roberts,a-roberts
Ian R. MacLeod,ir-macleod
C.L. Polk,c-polk
Jessica Cluess,j-cluess
Richard Ned Lebow,r-lebow
Ramona Wheeler,r-wheeler
Michael J.  Martinez,mj-martinez
Richard Harland,r-harland
Emma Bull,e-bull
Tom Clancy,t-clancy
Jonathan Green,j-green
David Downing,d-downing
Richard Garfinkle,r-garfinkl
Gary L. Blackwood,gl-blackwoo
Amal El-Mohtar,a-el-mohta
Katherine Arden,k-arden
Patrick Sheane Duncan,p-duncan
Chris Dingess,c-dingess
Helene Wecker,h-wecker
Ellen Datlow,e-datlow
Joseph Nassise,j-nassise
Jay Kristoff,j-kristoff
Bec McMaster,b-mcmaster
Walter M. Miller Jr.,wm-jr.
James Lovegrove,j-lovegrov
H.G. Parry,h-parry
Jeffrey  Lewis,j-lewis
Stephanie Burgis,s-burgis
Simone Zelitch,s-zelitch
Kathleen Baldwin,k-baldwin
Dan Brown,d-brown
Greg Van Eekhout,g-eekhout
Frederic C. Rich,fc-rich
David  Walton,d-walton
Elizabeth Fama,e-fama
Tiffany Trent,t-trent
Paul McAuley,p-mcauley
Daryl Gregory,d-gregory
Kim Harrison,k-harrison
Robin McKinley,r-mckinley
Paul J. McAuley,pj-mcauley
Bethany C. Morrow,bc-morrow
Jonathan L. Howard,jl-howard
Kady Cross,k-cross
Kay Kenyon,k-kenyon
Melissa McShane,m-mcshane
Kerryn Offord,k-offord
Emily   Barton,e-barton
Marguerite Bennett,m-bennett
Sylvia Izzo Hunter,s-hunter
J. Kathleen Cheney,j-cheney
Tina Connolly,t-connolly
Jason Heller,j-heller
Koushun Takami,k-takami
Brian Stableford,b-stablefo
Nadine Brandes,n-brandes
David Gillham,d-gillham
D.J. Butler,d-butler
Marcus Sakey,m-sakey
Destiny Soria,d-soria
Julie Mayhew,j-mayhew
Emily St. John Mandel,es-mandel
Emma Jane Holloway,e-holloway
Lynn Viehl,l-viehl
Peter Higgins,p-higgins
Shelley Adina,s-adina
Kirk Mitchell,k-mitchell
Bryan Talbot,b-talbot
Diana Wynne Jones,d-jones
Jay Lake,j-lake
Matt Fraction,m-fraction
Marion Zimmer Bradley,m-bradley
Rysa Walker,r-walker
Pamela Sargent,p-sargent
Simon Stålenhag,s-stålenha
Ruthanna Emrys,r-emrys
Melissa de la Cruz,m-cruz
Erin Morgenstern,e-morgenst
Vonda N. McIntyre,vn-mcintyre
Pat Frank,p-frank
Megan Whalen Turner,m-turner
Nevil Shute,n-shute
Joanna Russ,j-russ
Jerry Yulsman,j-yulsman
David Means,d-means
W.L. Goodwater,w-goodwate
Kester Grant,k-grant
Christopher G. Nuttall,cg-nuttall
David  Barnett,d-barnett
Beth Bernobich,b-bernobic
Nick Harkaway,n-harkaway
Steven Harper,s-harper
Sebastian P. Breit,sp-breit
James K. Morrow,jk-morrow
Frances Hardinge,f-hardinge
Melissa Scott,m-scott
Jasper Kent,j-kent
Anna North,a-north
Raymond Khoury,r-khoury
Dylan Meconis,d-meconis
Daniel José Older,d-older
David Mack,d-mack
Cass Morris,c-morris
Lara Elena Donnelly,l-donnelly
Kerri Maniscalco,k-maniscal
Zachary Thomas Dodson,z-dodson
William Ritter,w-ritter
A.J. Hartley,a-hartley
Mark Helprin,m-helprin
Rosalyn Eves,r-eves
Michael Livingston,m-livingst
Paula Goodlett,p-goodlett
Michael Swanwick,m-swanwick
Robin Bridges,r-bridges
Alex Scarrow,a-scarrow
Robert Jackson Bennett,r-bennett
Lauren Beukes,l-beukes
Stoney Compton,s-compton
Jack London,j-london
Kit Whitfield,k-whitfiel
Christopher Evans,c-evans
J.N. Stroyar,j-stroyar
Andrew Roberts,a-roberts
Kage Baker,k-baker
Kurt R.A. Giambastiani,kr-giambast
Ken Liu,k-liu
R.F. Kuang,r-kuang
Lisa   Maxwell,l-maxwell
Victoria Schwab,v-schwab
Heidi Heilig,h-heilig
Brett Battles,b-battles
Erika Johansen,e-johansen
Heather Dixon Wallwork,h-wallwork
Mark Alder,m-alder
Jordan Stratford,j-stratfor
Alan Gratz,a-gratz
Adrienne Kress,a-kress
Robert Skimin,r-skimin
Chris Moriarty,c-moriarty
K.W. Jeter,k-jeter
L. Neil Smith,l-smith
A.E. Moorat,a-moorat
Paul Guinan,p-guinan
Mary Hoffman,m-hoffman
David Westheimer,d-westheim
John Barnes,j-barnes
Arvid Nelson,a-nelson
Rebecca Roanhorse,r-roanhors
Kenneth John Macksey,k-macksey
Charles Rosenberg,c-rosenber
Tom Sweterlitsch,t-sweterli
Kevin J. Anderson,kj-anderson
S.A. Chakraborty,s-chakrabo
Daniel H. Wilson,dh-wilson
John Tiffany,j-tiffany
Jonathan Maberry,j-maberry
Andrew J. Heller,aj-heller
Timur Vermes,t-vermes
Mackenzi Lee,m-lee
Virginia Boecker,v-boecker
David Carrico,d-carrico
D.J. MacHale,d-machale
R.S. Belcher,r-belcher
Lou Anders,l-anders
Tessa Gratton,t-gratton
Lev A.C. Rosen,la-rosen
Ira Levin,i-levin
Jean M. Auel,jm-auel
Arthur Slade,a-slade
Chris Wooding,c-wooding
Brian Augustyn,b-augustyn
Ayn Rand,a-rand
Mark Chadbourn,m-chadbour
Katherine Kurtz,k-kurtz
C.C. Finlay,c-finlay
Paul Park,p-park
Marie Lu,m-lu
Sandra Newman,s-newman
Kate Heartfield,k-heartfie
Cody Franklin,c-franklin
Claire  O'Dell,c-o'dell
Alma Katsu,a-katsu
Lyndsay Ely,l-ely
Brittany Cavallaro,b-cavallar
Emma Berquist,e-berquist
Anette Pedersen,a-pedersen
Mark   Tompkins,m-tompkins
Rae Carson,r-carson
Justin Richards,j-richards
Mark Waid,m-waid
Frank Chadwick,f-chadwick
K.J. Charles,k-charles
Sherry Thomas,s-thomas
Chris Pauls,c-pauls
Bethany Griffin,b-griffin
Colin Gee,c-gee
Mike Mignola,m-mignola
Dave Freer,d-freer
Dexter Palmer,d-palmer
Lois McMaster Bujold,l-bujold
Ellen Kushner,e-kushner
Jake Page,j-page
Caitlin Kittredge,c-kittredg
James Gurney,j-gurney
Caroline Stevermer,c-steverme
Sarban,s-sarban
S.M. Peters,s-peters
Donald R. Bensen,dr-bensen
Graham Hancock,g-hancock
James Herbert,j-herbert
Shelley Parker-Chan,s-parker-c
Ta-Nehisi Coates,t-coates
N.K. Jemisin,n-jemisin
Kate Mascarenhas,k-mascaren
Leni Zumas,l-zumas
Christopher    Brown,c-brown
Alex Alice,a-alice
Lesley Livingston,l-livingst
Richelle Mead,r-mead
Tarun Shanker,t-shanker
Jacey Bedford,j-bedford
Kieron Gillen,k-gillen
T.J. Turner,t-turner
Viola Carr,v-carr
John Hornor Jacobs,j-jacobs
Jack Campbell,j-campbell
Bryce Zabel,b-zabel
Elizabeth May,e-may
Ian Sales,i-sales
Olaf Stapledon,o-stapledo
James Dashner,j-dashner
Michelle   Cooper,m-cooper
Jean-Christophe Valtat,j-valtat
Kelly Link,k-link
Ian Edginton,i-edginton
Geoff Johns,g-johns
Kurt Busiek,k-busiek
Susan Dennard,s-dennard
Andrew P. Mayer,ap-mayer
Roland J. Green,rj-green
M.J. Putney,m-putney
Jeanne DuPrau,j-duprau
Ken Follett,k-follett
Jessica Amanda Salmonson,j-salmonso
Frank Beddor,f-beddor
Keith Laumer,k-laumer
Umberto Eco,u-eco
Kathleen Ann Goonan,k-goonan
Elizabeth Kostova,e-kostova
MaryJanice Davidson,m-davidson
Philip José Farmer,p-farmer
Michael P. Kube-McDowell,mp-kube-mcd
C.E. Murphy,c-murphy
Brad Linaweaver,b-linaweav
Paul Di Filippo,p-filippo
Robert W. Chambers,rw-chambers
Addie Thorley,a-thorley
Bridget Collins,b-collins
Christina Dalcher,c-dalcher
Madeline Miller,m-miller
Thea Lim,t-lim
Laini Taylor,l-taylor
Leigh Bardugo,l-bardugo
Kiera Cass,k-cass
Sarah J. Maas,sj-maas
Marie Rutkoski,m-rutkoski
Kristen Ashley,k-ashley
Kristin Cashore,k-cashore
J.R.R. Tolkien,j-tolkien
Lois Lowry,l-lowry
Josephine Angelini,j-angelini
Rosamund Hodge,r-hodge
Rachel Hartman,r-hartman
Lev Grossman,l-grossman
C.S. Pacat,c-pacat
Ally Condie,a-condie
Micaiah Johnson,m-johnson
J.K. Rowling,j-rowling
Maria V. Snyder,mv-snyder
Philip Charles Stephens,p-stephens
Danielle  Paige,d-paige
Diana Peterfreund,d-peterfre
Nalini Singh,n-singh
Melina Marchetta,m-marchett
Lauren Oliver,l-oliver
Alwyn Hamilton,a-hamilton
Joseph Fink,j-fink
Kasie West,k-west
Thea Harrison,t-harrison
Julie Kagawa,j-kagawa
Gregory Maguire,g-maguire
Rick Riordan,r-riordan
Seanan McGuire,s-mcguire
Neal Shusterman,n-shusterm
Victoria Aveyard,v-aveyard
Charlie Cochet,c-cochet
Pierce Brown,p-brown
Stephen R. Donaldson,sr-donaldso
Lauren   Miller,l-miller
Cassandra Rose Clarke,c-clarke
Jordan Castillo Price,j-price
Tamora Pierce,t-pierce
Karen Marie Moning,k-moning
Scott Lynch,s-lynch
Faye Kellerman,f-kellerma
Victoria Sue,v-sue
Ben Aaronovitch,b-aaronovi
Adam Silvera,a-silvera
Emily Henry,e-henry
Justine Larbalestier,j-larbales
Taylor Jenkins Reid,t-reid
M.R. Carey,m-carey
Ginn Hale,g-hale
Anna Jarzab,a-jarzab
Xanthe Walter,x-walter
Tahereh Mafi,t-mafi
Roger Zelazny,r-zelazny
Eve Ocotillo,e-ocotillo
Catherine Fisher,c-fisher
Gail Carson Levine,g-levine
Alison Croggon,a-croggon
Brigid Kemmerer,b-kemmerer
Andrzej Sapkowski,a-sapkowsk
Stuart Turton,s-turton
Tomi Adeyemi,t-adeyemi
Leta Blake,l-blake
Elise Kova,e-kova
Brandon Mull,b-mull
Renée Ahdieh,r-ahdieh
N.D. Wilson,n-wilson
Sara Raasch,s-raasch
Maria Dahvana Headley,m-headley
Soman Chainani,s-chainani
Kris Ripper,k-ripper
Morgan Rhodes,m-rhodes
Susan Ee,s-ee
Alexandra Bracken,a-bracken
A.G. Howard,a-howard
Emily Croy Barker,e-barker
Lili St. Crow,ls-crow
Robert Jordan,r-jordan
Moira Young,m-young
Melissa Marr,m-marr
Delilah S. Dawson,ds-dawson
Cornelia Funke,c-funke
Gary  Hoover,g-hoover
T.J. Klune,t-klune
P.C. Cast,p-cast
William Goldman,w-goldman
Paul Melko,p-melko
D.D. Barant,d-barant
John Flanagan,j-flanagan
Nino Cipri,n-cipri
Melissa Albert,m-albert
Sarah Rees Brennan,s-brennan
Nora Roberts,n-roberts
A.M. Arthur,a-arthur
Dave Hutchinson,d-hutchins
Cinda Williams Chima,c-chima
Patricia Briggs,p-briggs
Heidi Cullinan,h-cullinan
Rainbow Rowell,r-rowell
Laura  Barnett,l-barnett
Mary E. Pearson,me-pearson
Myke Cole,m-cole
Gillian St. Kevern,gs-kevern
Danielle L. Jensen,dl-jensen
Jim Butcher,j-butcher
Amy Rae Durreson,a-durreson
Juliet Marillier,j-marillie
Terry Goodkind,t-goodkind
Victoria Danann,v-danann
Lewis Carroll,l-carroll
Brent Weeks,b-weeks
Kat Zhang,k-zhang
Gabrielle Zevin,g-zevin
Lilith Grey,l-grey
Stephen R. Lawhead,sr-lawhead
Jodi Meadows,j-meadows
Newt Scamander,n-scamande
Andrea Speed,a-speed
Piers Anthony,p-anthony
Elizabeth Vaughan,e-vaughan
Margaret Peterson Haddix,m-haddix
Laurell K. Hamilton,lk-hamilton
Marie Sexton,m-sexton
Maculategiraffe,m-maculate
Stacia Kane,s-kane
Michelle Lovric,m-lovric
Peter V. Brett,pv-brett
Patrick Rothfuss,p-rothfuss
Cecelia Ahern,c-ahern
Hailey Turner,h-turner
Taran Matharu,t-matharu
Marina Vivancos,m-vivancos
Sara B. Larson,sb-larson
J. Alan Veerkamp,j-veerkamp
Ariana Nash,a-nash
K.D.  Edwards,k-edwards
Pirateaba,p-pirateab
Kathleen A. Flynn,ka-flynn
Megan Derr,m-derr
Cari Z.,c-z.
Jessica Brody,j-brody
R. Cooper,r-cooper
Cooper West,c-west
Meagan Spooner,m-spooner
Maggie Stiefvater,m-stiefvat
Laura Thalassa,l-thalassa
Tricia Kristufek,t-kristufe
Sabaa Tahir,s-tahir
Fredric Brown,f-brown
Sarah Beth Durst,s-durst
Amy Harmon,a-harmon
Penelope Peters,p-peters
Dave Duncan,d-duncan
Erica O'Rourke,e-o'rourke
Eressë,e-eressë
Revella Hawthorne,r-hawthorn
Audrey Niffenegger,a-niffeneg
Jason Latour,j-latour
Cordelia Kingsbridge,c-kingsbri
Joy Chant,j-chant
Amanda   Richardson,a-richards
Amy McCulloch,a-mcculloc
Melissa Grey,m-grey
Janet B.  Taylor,jb-taylor
Lila Leigh Hunter,l-hunter
Cristin Terrill,c-terrill
chase_acow,c-chase_ac
Moriah McStay,m-mcstay
R.C. Lewis,r-lewis
Hajime Isayama,h-isayama
Erin Claiborne,e-claiborn
Cooper Davis,c-davis
Michelle Hodkin,m-hodkin
Manna Francis,m-francis
Pamela Palmer,p-palmer
Larissa Ione,l-ione
Scott  Meyer,s-meyer
S.L. Armstrong,s-armstron
primroseshows,p-primrose
Daniel Price,d-price
Charles Yu,c-yu
David Levithan,d-levithan
Anne Tenino,a-tenino
Sophie Jordan,s-jordan
Lauren DeStefano,l-destefan
Richard Matheson,r-matheson
Kalayna Price,k-price
J.D. Robb,j-robb
Mark  Lawrence,m-lawrence
Stacey Jay,s-jay
Suzanne Young,s-young
Kami Garcia,k-garcia
Jennifer Lynn Barnes,j-barnes
E.C. Myers,e-myers
Simon R. Green,sr-green
Jay Kirkpatrick,j-kirkpatr
Andrew Fukuda,a-fukuda
Veronica Rossi,v-rossi
Josh Lanyon,j-lanyon
Jill Knowles,j-knowles
Kevin Hearne,k-hearne
Gennifer Albin,g-albin
Scott Speer,s-speer
Daniel O'Malley,d-o'malley
Roxanne St. Claire,rs-claire
Michelle Sagara,m-sagara
Saladin Ahmed,s-ahmed
Kai Meyer,k-meyer
Elizabeth C. Bunce,ec-bunce
Keri Arthur,k-arthur
Jessica Day George,j-george
Allan Frewin Jones,a-jones
Michael       Lawrence,m-lawrence
Terry Brooks,t-brooks
Rachel Haimowitz,r-haimowit
Andrew Ashling,a-ashling
Rachel Hawkins,r-hawkins
Jan Suzukawa,j-suzukawa
Ysabeau S. Wilce,ys-wilce
Norton Juster,n-juster
Cory Doctorow,c-doctorow
Anthony Burgess,a-burgess
Lemony Snicket,l-snicket
T. Kingfisher,t-kingfish
Tochi Onyebuchi,t-onyebuch
Dhonielle Clayton,d-clayton
Macy Blake,m-blake
Dan Wells,d-wells
Tharah Meester,t-meester
Kathryn  Moon,k-moon
J.D.  Riley,j-riley
Tricia Levenseller,t-levensel
Sara  Holland,s-holland
Raye Wagner,r-wagner
Ryan La Sala,r-sala
Nora Phoenix,n-phoenix
N.R. Walker,n-walker
A.K. Larkwood,a-larkwood
Rory Power,r-power
Mò Xiāng Tóngxiù,m-tóngxiù
Kim Liggett,k-liggett
Bram Stoker,b-stoker
Jessica  Townsend,j-townsend
Deanna Raybourn,d-raybourn
Anna Bright,a-bright
Margaret  Rogerson,m-rogerson
墨香铜臭,墨-墨香铜臭
Lynette Noni,l-noni
Kendare Blake,k-blake
Carlos  Hernandez,c-hernande
Kohei Horikoshi,k-horikosh
Yasmine Galenorn,y-galenorn
K.A. Merikan,k-merikan
S.J. Himes,s-himes
Zoey Ellis,z-ellis
Erin McRae,e-mcrae
Alex Lidell,a-lidell
L.L. McKinney,l-mckinney
M.A. Grant,m-grant
尹琊,尹-尹琊
Anna Carey,a-carey
S.C. Wynne,s-wynne
Kendra Moreno,k-moreno
Amanda Bouchet,a-bouchet
Piper Scott,p-scott
K.A. Linde,k-linde
Emma Chase,e-chase
Yana Toboso,y-toboso
S.M. Boyce,s-boyce
Tui,t-tui
Rhiannon Frater,r-frater
Clint McElroy,c-mcelroy
Derek Landy,d-landy
Becca Fitzpatrick,b-fitzpatr
Kristy Cunning,k-cunning
Nora Sakavic,n-sakavic
W.R. Gingell,w-gingell
E.J.   Russell,e-russell
Amanda Foody,a-foody
Robert Louis Stevenson,r-stevenso
Lloyd Alexander,l-alexande
Dessa Lux,d-lux
Kerrelyn Sparks,k-sparks
Kelly Sue DeConnick,k-deconnic
Andy Weir,a-weir
Forthright .,f-.
Riley Hart,r-hart
Charlie Adhara,c-adhara
Armand Baltazar,a-baltazar
Cora Carmack,c-carmack
J.R. Ward,j-ward
Claire Cullen,c-cullen
Anna Butler,a-butler
Shiho Sugiura,s-sugiura
Kay Simone,k-simone
Serena Lindahl,s-lindahl
Paul Cornell,p-cornell
Corrie Wang,c-wang
Cormac McCarthy,c-mccarthy
Justin Cronin,j-cronin
Susan Beth Pfeffer,s-pfeffer
Josh Malerman,j-malerman
Hugh Howey,h-howey
Robert R. McCammon,rr-mccammon
George R. Stewart,gr-stewart
Mike Mullin,m-mullin
Peter Heller,p-heller
Karen Thompson Walker,k-walker
Isaac Marion,i-marion
Joe Hill,j-hill
Carrie Ryan,c-ryan
José Saramago,j-saramago
Emmy Laybourne,e-laybourn
Ilsa J. Bick,ij-bick
Ling  Ma,l-ma
Robert Kirkman,r-kirkman
John Joseph Adams,j-adams
Chuck Wendig,c-wendig
Courtney Summers,c-summers
Tim LaHaye,t-lahaye
Guillermo del Toro,g-toro
J.L. Bourne,j-bourne
Dmitry Glukhovsky,d-glukhovs
Julianna Baggott,j-baggott
Jeyn Roberts,j-roberts
Jean Hegland,j-hegland
Alexandra Oliva,a-oliva
P.D. James,p-james
Meg Elison,m-elison
Alden Bell,a-bell
Mindy McGinnis,m-mcginnis
Robert C. O'Brien,rc-o'brien
Charlie Higson,c-higson
Edan Lepucki,e-lepucki
Paolo Bacigalupi,p-bacigalu
Paul Tremblay,p-tremblay
Lily Brooks-Dalton,l-brooks-d
Andrew  Smith,a-smith
J.G. Ballard,j-ballard
Waubgeshig Rice,w-rice
Peng Shepherd,p-shepherd
Kass Morgan,k-morgan
Matthew Mather,m-mather
Mary Wollstonecraft Shelley,m-shelley
Sarah Lyons Fleming,s-fleming
Adrian J. Walker,aj-walker
Lindsey Fairleigh,l-fairleig
David Moody,d-moody
Jeff Hirsch,j-hirsch
Manel Loureiro,m-loureiro
Mark Tufo,m-tufo
Amanda Hocking,a-hocking
John Marsden,j-marsden
Hanna Jameson,h-jameson
Jo Treggiari,j-treggiar
Brian Keene,b-keene
Kate Wilhelm,k-wilhelm
Z.A. Recht,z-recht
D.J. Molles,d-molles
Kira Jane Buxton,k-buxton
C.A. Fletcher,c-fletcher
Corinne Duyvis,c-duyvis
S.A. Bodeen,s-bodeen
Russell Hoban,r-hoban
Jeff  Carlson,j-carlson
William Brinkley,w-brinkley
Virginia Bergin,v-bergin
Scott  Hawkins,s-hawkins
Amy Plum,a-plum
Peter Clines,p-clines
Ben Tripp,b-tripp
John Brunner,j-brunner
Meg Rosoff,m-rosoff
Sophie Littlefield,s-littlefi
Benjamin Percy,b-percy
Alan Weisman,a-weisman
Christina Henry,c-henry
Tommy Wallach,t-wallach
Joelle Charbonneau,j-charbonn
Kristen Simmons,k-simmons
Steven Konkoly,s-konkoly
Kevin Brockmeier,k-brockmei
Walter Jon Williams,w-williams
Austin Aslan,a-aslan
Drew Magary,d-magary
Adam Baker,a-baker
James Howard Kunstler,j-kunstler
Kim Paffenroth,k-paffenro
Leigh Brackett,l-brackett
Kassandra Montag,k-montag
Ezekiel Boone,e-boone
Laura Bickle,l-bickle
Maureen F. McHugh,mf-mchugh
Marcel Theroux,m-theroux
David R. Palmer,dr-palmer
Rumaan Alam,r-alam
Sam Sisavath,s-sisavath
Kylie Scott,k-scott
Darren Shan,d-shan
Jennifer Bosworth,j-bosworth
Susanne Winnacker,s-winnacke
Nicholas Sansbury Smith,n-smith
Bobby Adair,b-adair
Elle Casey,e-casey
Mordecai Roshwald,m-roshwald
Amy Engel,a-engel
C. Robert Cargill,c-cargill
Kenneth Calhoun,k-calhoun
Nick Cole,n-cole
Joe McKinney,j-mckinney
Bernard Beckett,b-beckett
Louise Erdrich,l-erdrich
Madeleine Roux,m-roux
Scott Nicholson,s-nicholso
Glynn James,g-james
Tom Perrotta,t-perrotta
Richard Bachman,r-bachman
Jesse Petersen,j-petersen
Philip Wylie,p-wylie
James Van Pelt,j-pelt
Tyrell Johnson,t-johnson
Beth Lewis,b-lewis
Kate L. Mary,kl-mary
A. American,a-american
Albert Camus,a-camus
Sarah Crossan,s-crossan
Lex Thomas,l-thomas
Ellen Connor,e-connor
Caragh M. O'Brien,cm-o'brien
Jim Crace,j-crace
Jeff Long,j-long
Thomas M. Disch,tm-disch
Claire Vaye Watkins,c-watkins
Katie Coyle,k-coyle
Kyle West,k-west
Keary Taylor,k-taylor
Anna Kavan,a-kavan
Amy Tintera,a-tintera
Ray Gorham,r-gorham
Craig DiLouie,c-dilouie
Madeline Sheehan,m-sheehan
Tracey  Ward,t-ward
Eric Walters,e-walters
James N. Cook,jn-cook
C.J. Redwine,c-redwine
Alex Adams,a-adams
Suzanne Weyn,s-weyn
"James Wesley, Rawles",j-rawles
Lawrence Wright,l-wright
B.B. Easton,b-easton
Ronald Malfi,r-malfi
Joe Hart,j-hart
G. Michael Hopf,g-hopf
Theresa Shaver,t-shaver
T. Michael Martin,t-martin
David Crawford,d-crawford
Tatyana Tolstaya,t-tolstaya
M.K. Wren,m-wren
Rebecca Zanetti,r-zanetti
Frank Tayell,f-tayell
Arthur T. Bradley,at-bradley
Chris Dietzel,c-dietzel
Rachel Aukes,r-aukes
Adrian Barnes,a-barnes
Shelbi Wescott,s-wescott
Angela White,a-white
Jacqueline Druga,j-druga
David Graham,d-graham
Gerard Way,g-way
Victor Gischler,v-gischler
Robert Merle,r-merle
Tosca Lee,t-lee
Holly Goddard Jones,h-jones
Brendan Reichs,b-reichs
Chris Weitz,c-weitz
Yvonne Ventresca,y-ventresc
Amber Kizer,a-kizer
William Golding,w-golding
Keith C. Blackmore,kc-blackmor
Rodman Philbrick,r-philbric
Shalini Boland,s-boland
Roberto Aguirre-Sacasa,r-aguirre-
Matthew Phipps Shiel,m-shiel
Tara Brown,t-brown
Cherie Dimaline,c-dimaline
Peter  Newman,p-newman
Morgan Rice,m-rice
Nick Cutter,n-cutter
Matt de la Pena,m-pena
Laury Falter,l-falter
M. Lauryl Lewis,m-lewis
Jordana Frankel,j-frankel
Richard Stephenson,r-stephens
Katherine Amt Hanna,k-hanna
Lee Goldberg,l-goldberg
David  Wong,d-wong
David           Williams,d-williams
Jo Furniss,j-furniss
Deon Meyer,d-meyer
Deirdre Gould,d-gould
Ellisa Barr,e-barr
N.W. Harris,n-harris
L.T. Ryan,l-ryan
Francesca Lia Block,f-block
Iain Rob Wright,i-wright
Summer Lane,s-lane
Sherri L. Smith,sl-smith
Jay Posey,j-posey
Annie Walls,a-walls
Dustin Thomason,d-thomason
David P. Forsyth,dp-forsyth
Lissa Price,l-price
Elizabeth  Richards,e-richards
S.D. Crockett,s-crockett
Wayne Simmons,w-simmons
Kyla Stone,k-stone
Megan  Hunter,m-hunter
Devon C. Ford,dc-ford
Jenni Fagan,j-fagan
Tom Abrahams,t-abrahams
Jason Brant,j-brant
Sarah Lotz,s-lotz
Joshua Guess,j-guess
David VanDyke,d-vandyke
Melanie Karsak,m-karsak
Kit Rocha,k-rocha
Scott Cramer,s-cramer
Emily McKay,e-mckay
A.R. Wise,a-wise
Shannon Mayer,s-mayer
Tony Burgess,t-burgess
Chuck Palahniuk,c-palahniu
Brian W. Aldiss,bw-aldiss
Paul Auster,p-auster
Andrew Krivak,a-krivak
Mike Chen,m-chen
Samuel R. Delany,sr-delany
Kimi Eisele,k-eisele
Emily Suvada,e-suvada
Franklin Horton,f-horton
Keira Andrews,k-andrews
Jeremy Laszlo,j-laszlo
A.R. Shaw,a-shaw
V.L. Dreyer,v-dreyer
Ike Hamill,i-hamill
Peter Stenson,p-stenson
Massimo Marino,m-marino
Alexia Purdy,a-purdy
Alexandra Coutts,a-coutts
Joseph D'Lacey,j-d'lacey
Michael   Logan,m-logan
Bethany Wiggins,b-wiggins
Lloyd Tackitt,l-tackitt
Galaxy Craze,g-craze
Kat Falls,k-falls
Ron Currie Jr.,r-jr.
Teri Hall,t-hall
Faith Hunter,f-hunter
John Lanchester,j-lanchest
Ed McDonald,e-mcdonald
Chris Pike,c-pike
Nalo Hopkinson,n-hopkinso
Mya Robarts,m-robarts
Andrew MacLean,a-maclean
Joseph M. Chiron,jm-chiron
Ann Christy,a-christy
Craig  Harrison,c-harrison
Michael    Robertson,m-robertso
Eve Kenin,e-kenin
Shaunta Grimes,s-grimes
Lissa Bryan,l-bryan
Trish Marie Dawson,t-dawson
Joe Nobody,j-nobody
Katie French,k-french
Nicholas Antinozzi,n-antinozz
Susan Kiernan-Lewis,s-kiernan-
Emily Goodwin,e-goodwin
Chrissy Peebles,c-peebles
Thomas Koloniar,t-koloniar
Kirsty McKay,k-mckay
Rob Ziegler,r-ziegler
Charles Pellegrino,c-pellegri
Ardath Mayhar,a-mayhar
O.T. Nelson,o-nelson
Chris Adrian,c-adrian
Harlan Ellison,h-ellison
Kelly McWilliams,k-mcwillia
Anne Corlett,a-corlett
Adrienne Lecter,a-lecter
Brad Manuel,b-manuel
Robert Repino,r-repino
William     Allen,w-allen
Alyssa Cole,a-cole
Claire Zorn,c-zorn
Meghan March,m-march
W.J. Lundy,w-lundy
Jacques Lob,j-lob
Chris Philbrook,c-philbroo
Jason D. Morrow,jd-morrow
Clayton  Smith,c-smith
Chang-rae Lee,c-lee
Peter     Meredith,p-meredith
Michael Farris Smith,m-smith
D.A. Wearmouth,d-wearmout
John S.  Wilson,js-wilson
Michael Bunker,m-bunker
David Estes,d-estes
John       O'Brien,j-o'brien
Gregg Rosenblum,g-rosenblu
Ben Marcus,b-marcus
Jessica Meigs,j-meigs
Mari Mancusi,m-mancusi
T.W. Brown,t-brown
Bonnie Dee,b-dee
James Axler,j-axler
Iain McKinnon,i-mckinnon
Carla Buckley,c-buckley
Algis Budrys,a-budrys
Gene Wolfe,g-wolfe
Conrad Williams,c-williams
Richard Jefferies,r-jefferie
Carole Stivers,c-stivers
Lydia Millet,l-millet
Keri Lake,k-lake
Joshua Gayou,j-gayou
Zach Bohannon,z-bohannon
Angela  Scott,a-scott
Chuck Grossart,c-grossart
Wilson Harp,w-harp
Kate  Morris,k-morris
Anna Abner,a-abner
K.R. Griffiths,k-griffith
Peggy Martinez,p-martinez
Claire C. Riley,cc-riley
Amelia C. Gormley,ac-gormley
E.E. Borton,e-borton
Rachel Higginson,r-higginso
Em Garner,e-garner
Paige Weaver,p-weaver
Linda Andrews,l-andrews
S.M. McEachern,s-mceacher
Andrew J.  Morgan,aj-morgan
Pam Godwin,p-godwin
Stephanie Erickson,s-erickson
Yahtzee Croshaw,y-croshaw
Kristen Middleton,k-middleto
John Varley,j-varley
Elsie Chapman,e-chapman
Tiffany Truitt,t-truitt
Meghan Ciana Doidge,m-doidge
Lisa M. Stasse,lm-stasse
Annie Oldham,a-oldham
James Harden,j-harden
Dayna Lorentz,d-lorentz
Cory Archie,c-archie
Roger Ma,r-ma
David Dalglish,d-dalglish
L.K. Rigel,l-rigel
E.E. Knight,e-knight
Pat Murphy,p-murphy
Isobelle Carmody,i-carmody
Gordon R. Dickson,gr-dickson
Janni Lee Simner,j-simner
Simon Clark,s-clark
David  Arnold,d-arnold
Charlotte McConaghy,c-mcconagh
M.L. Katz,m-katz
Bobby Akart,b-akart
David Wallace-Wells,d-wallace-
Carrie Vaughn,c-vaughn
D. Gideon,d-gideon
Gregg Andrew Hurwitz,g-hurwitz
R.E. McDermott,r-mcdermot
Russell Blake,r-blake
Elle Kennedy,e-kennedy
Donna Augustine,d-augustin
Lou Cadle,l-cadle
J.T. Sawyer,j-sawyer
Sharon Cameron,s-cameron
Nicole Kornher-Stace,n-kornher-
Carola Dibbell,c-dibbell
Chantal Fernando,c-fernando
Joshua David Bellin,j-bellin
Colin F. Barnes,cf-barnes
Scott Medbury,s-medbury
Chelsea Luna,c-luna
Greg Rucka,g-rucka
Richard Levesque,r-levesque
John Ringo,j-ringo
Robert Chazz Chute,r-chute
Robin Parrish,r-parrish
L.J.  Baker,l-baker
Nathaniel Rich,n-rich
Richard  Brown,r-brown
Griffin Hayes,g-hayes
Douglas Coupland,d-coupland
Kellie Sheridan,k-sheridan
John L.  Campbell,jl-campbell
Terry Nation,t-nation
Shawn Chesser,s-chesser
Tracy Deebs,t-deebs
Bryan James,b-james
Sarah  Gray,s-gray
Luke Rhinehart,l-rhinehar
Mike Ashley,m-ashley
Marlen Haushofer,m-haushofe
Jessica Sorensen,j-sorensen
William Esmont,w-esmont
E.M. Forster,e-forster
Megan Duncan,m-duncan
Michael Northrop,m-northrop
Louise Lawrence,l-lawrence
Nate Kenyon,n-kenyon
Steven R. Boyett,sr-boyett
Mitchell Smith,m-smith
Charles Sheffield,c-sheffiel
Trevor Hoyle,t-hoyle
Agustina Bazterrica,a-bazterri
Jasper T. Scott,jt-scott
Courtney Konstantin,c-konstant
George A. Romero,ga-romero
Hayao Miyazaki,h-miyazaki
Darcy Coates,d-coates
Kelly deVos,k-devos
Jack Hunt,j-hunt
Jordan Rivet,j-rivet
Kristy Acevedo,k-acevedo
Nick Clark Windo,n-windo
Grace Hamilton,g-hamilton
Lidia Yuknavitch,l-yuknavit
Jennie Melamed,j-melamed
Jeremy Robinson,j-robinson
T.W. Piperbrook,t-piperbro
Aliya Whiteley,a-whiteley
Shirley Jackson,s-jackson
Boyd Craven,b-craven
Jeremiah Knight,j-knight
Peter David,p-david
Gillian Zane,g-zane
Perrin Briar,p-briar
Jonathan Maas,j-maas
David Achord,d-achord
Jennifer Marie Brissett,j-brissett
Andreas Christensen,a-christen
Dave Eggers,d-eggers
William H. Weber,wh-weber
Amelia Hutchins,a-hutchins
Shana Festa,s-festa
Francesca Haig,f-haig
Ed Brisson,e-brisson
Paul Grzegorzek,p-grzegorz
Jason Gurley,j-gurley
Michael  Stark,m-stark
Elizabeth Kolbert,e-kolbert
Joseph A. Turkot,ja-turkot
Cameo Renae,c-renae
Susan Kim,s-kim
Simone Pond,s-pond
P.J. Hoover,p-hoover
G.F. Gustav,g-gustav
Glenn Bullion,g-bullion
Michelle K. Pickett,mk-pickett
Jack Vance,j-vance
Josin L. McQuein,jl-mcquein
Glen Tate,g-tate
N.E. White,n-white
Katsuhiro Otomo,k-otomo
Richard K. Morgan,rk-morgan
George Alec Effinger,g-effinger
Masamune Shirow,m-shirow
Rudy Rucker,r-rucker
Daniel Suarez,d-suarez
Pat Cadigan,p-cadigan
Ramez Naam,r-naam
Jeff Noon,j-noon
Tad Williams,t-williams
Alfred Bester,a-bester
Kenneth   Thomas,k-thomas
John Shirley,j-shirley
Jeff Somers,j-somers
Robert N. Charrette,rn-charrett
Ian McDonald,i-mcdonald
Richard Kadrey,r-kadrey
Malka Ann Older,m-older
James Patrick Kelly,j-kelly
G. Willow Wilson,g-wilson
Greg Egan,g-egan
Yukito Kishiro,y-kishiro
Neal Asher,n-asher
T. Mountebank,t-mounteba
Tsutomu Nihei,t-nihei
Max Barry,m-barry
Lewis  Shiner,l-shiner
Nigel Findley,n-findley
Zachary Mason,z-mason
Madeline Ashby,m-ashby
James Swallow,j-swallow
K.C. Alexander,k-alexande
Simon Morden,s-morden
Raphael Carter,r-carter
Joel Shepherd,j-shepherd
Marianne de Pierres,m-pierres
James Tiptree Jr.,j-jr.
Mike Pondsmith,m-pondsmit
Ken MacLeod,k-macleod
Jordan K. Weisman,jk-weisman
Jack Womack,j-womack
Wilhelmina Baird,w-baird
Justina Robson,j-robson
Tom Dowd,t-dowd
Rick Remender,r-remender
Kieran Shea,k-shea
M. John Harrison,m-harrison
David Louis Edelman,d-edelman
Lyda Morehouse,l-morehous
Sergei Lukyanenko,s-lukyanen
Gary Ballard,g-ballard
Marge Piercy,m-piercy
Bruce Bethke,b-bethke
Ren Warom,r-warom
Kelly McCullough,k-mccullou
Christopher Kubasik,c-kubasik
Austin Dragon,a-dragon
Eli K.P. William,ek-william
Michael Marshall Smith,m-smith
Cindy Pon,c-pon
Victoria Blake,v-blake
Joan D. Vinge,jd-vinge
Nyx Smith,n-smith
Nicola Griffith,n-griffith
Larry McCaffery,l-mccaffer
Sam J. Miller,sj-miller
Mel Odom,m-odom
Catalyst Game Labs,c-labs
Linda Nagata,l-nagata
Frank Miller,f-miller
Michael  Green,m-green
James Chalk,j-chalk
David J. Williams,dj-williams
Warren Hammond,w-hammond
Jak Koke,j-koke
Stephen Kenson,s-kenson
Carl Sargent,c-sargent
Rosa Montero,r-montero
Steven Kotler,s-kotler
S.B. Divya,s-divya
Al  Robertson,a-robertso
Stieg Larsson,s-larsson
Alaya Dawn Johnson,a-johnson
FASA Corporation,f-corporat
Kelley Eskridge,k-eskridge
Michael R. Fletcher,mr-fletcher
Sam Landstrom,s-landstro
Lisa Smedman,l-smedman
Jonathan E. Bond,je-bond
Tom Maddox,t-maddox
Eric S. Nylund,es-nylund
Corey J. White,cj-white
William Hertling,w-hertling
Russell Zimmerman,r-zimmerma
William H. Keith Jr.,wh-jr.
Katie Hafner,k-hafner
Marcin Batylda,m-batylda
Chen Qiufan,c-qiufan
Andy Futuro,a-futuro
Caroline Spector,c-spector
Diane Duane,d-duane
David Marusek,d-marusek
Daniel Keys Moran,d-moran
Gerald Brandt,g-brandt
Adam Sternbergh,a-sternber
Marc D. Giller,md-giller
John Helfers,j-helfers
Tow Ubukata,t-ubukata
C.S. Friedman,c-friedman
Nicholas Pollotta,n-pollotta
T.R. Napper,t-napper
Matthew A. Goodwin,ma-goodwin
D. Rus,d-rus
Joseph MacKinnon,j-mackinno
Hiroki Endo,h-endo
Michael Shean,m-shean
Giannis Milonogiannis,g-milonogi
Nick Sagan,n-sagan
Brian Falkner,b-falkner
Lisa Mason,l-mason
Rachel Aaron,r-aaron
Alex London,a-london
Daniel F. Galouye,df-galouye
Project Itoh,p-itoh
Derek J. Canyon,dj-canyon
Jon Armstrong,j-armstron
Maurice G. Dantec,mg-dantec
Tim Maughan,t-maughan
Paul J. Fleming,pj-fleming
Gavin G. Smith,gg-smith
Jeff Edwards,j-edwards
Michael G. Munz,mg-munz
S.J. Kincaid,s-kincaid
Paul Pope,p-pope
Douglas Rushkoff,d-rushkoff
Rhiannon Lassiter,r-lassiter
Misha Nogha,m-nogha
Robert Venditti,r-venditti
James R.  Strickland,jr-strickla
Lauren C. Teffeau,lc-teffeau
Max Gladstone,m-gladston
C.T. Phipps,c-phipps
Brian Parker,b-parker
Leigh Alexander,l-alexande
Laura Lam,l-lam
Robert Kroese,r-kroese
L.A. Witt,l-witt
Michael  Dempsey,m-dempsey
Steven Levy,s-levy
Jim Munroe,j-munroe
Stephen Dedman,s-dedman
Jacek Dukaj,j-dukaj
St. Jude,s-jude
Simon Ings,s-ings
John Gregory Betancourt,j-betancou
Zoe Hana Mikuta,z-mikuta
Ferrett Steinmetz,f-steinmet
Rae D. Magdon,rd-magdon
Jason Shawn Alexander,j-alexande
Taiyo Fujii,t-fujii
Richard Calder,r-calder
Jeffrey Thomas,j-thomas
Anthony Ryan,a-ryan
Ted Cross,t-cross
Matthew S. Cox,ms-cox
Luca  Rossi,l-rossi
K.B. Spangler,k-spangler
Lana Wachowski,l-wachowsk
Robert Brockway,r-brockway
Mark Fabi,m-fabi
Robin Sloan,r-sloan
Emma Trevayne,e-trevayne
Geoff Ryman,g-ryman
Clifford Stoll,c-stoll
Donna J. Haraway,dj-haraway
Charles Platt,c-platt
Alexander Besher,a-besher
Jack Dann,j-dann
D.L. Young,d-young
Chris Kluwe,c-kluwe
Zoe Quinn,z-quinn
Jazon Dion Fletcher,j-fletcher
Jason Segel,j-segel
Nick Land,n-land
Don Allmon,d-allmon
Mur Lafferty,m-lafferty
Sam McPheeters,s-mcpheete
Christopher Keene,c-keene
Danie Ware,d-ware
Enki Bilal,e-bilal
Leif Sterling,l-sterling
John Wagner,j-wagner
Jonathan Luna,j-luna
Peter Samet,p-samet
N. Katherine Hayles,n-hayles
Ursula Poznanski,u-poznansk
Markus Heitz,m-heitz
Monica Leonelle,m-leonelle
Rod Rees,r-rees
Weston Ochse,w-ochse
Jean Rabe,j-rabe
Liz Williams,l-williams
Mick Farren,m-farren
Sara Creasy,s-creasy
Vivian Vande Velde,v-velde
Lawrence Watt-Evans,l-watt-eva
Yoshiyuki Sadamoto,y-sadamoto
Junichi Fujisaku,j-fujisaku
Spider Robinson,s-robinson
James Knapp,j-knapp
Walter Mosley,w-mosley
FanPro,f-fanpro
Laura J. Mixon,lj-mixon
James Maxwell Young,j-young
Grant Morrison,g-morrison
Steve Aylett,s-aylett
Andrew M. Butler,am-butler
Stephen Billias,s-billias
Cullen Bunn,c-bunn
Benjanun Sriduangkaew,b-sriduang
Toh EnJoe,t-enjoe
Rob J. Hayes,rj-hayes
Paul M. Sammon,pm-sammon
Roy C. Booth,rc-booth
Nicky Drayden,n-drayden
Hamish Cameron,h-cameron
Ron Bender,r-bender
Brian Wood,b-wood
Jeremy Robert Johnson,j-johnson
Cosimo Yap,c-yap
Martyna Raduchowska,m-raduchow
Kim Zetter,k-zetter
Holly Jennings,h-jennings
Anna L. Davis,al-davis
Alejandro Jodorowsky,a-jodorows
P.J. Manney,p-manney
Judd Trichter,j-trichter
Nash Summers,n-summers
Anne Leinonen,a-leinonen
William Shatner,w-shatner
Thomas Pynchon,t-pynchon
Ed Piskor,e-piskor
Susan Kaye Quinn,s-quinn
Sam A. Patel,sa-patel
Hans Joachim Alpers,h-alpers
J.M. Hardy,j-hardy
N. Lee Wood,n-wood
André Wiesler,a-wiesler
William Irwin,w-irwin
Michael  Olson,m-olson
R. Talsorian Games,r-games
Rob Boyle,r-boyle
Max Allan Collins,m-collins
Charles de Lint,c-lint
C.C. Bridges,c-bridges
Rafał A. Ziemkiewicz,ra-ziemkiew
Joss Whedon,j-whedon
Scott Bukatman,s-bukatman
Joan Slonczewski,j-slonczew
Chet Williamson,c-williams
Sarah Pinsker,s-pinsker
Anna Mocikat,a-mocikat
Danny Tobey,d-tobey
Tasuku Karasuma,t-karasuma
Mark Harritt,m-harritt
Greg Chivers,g-chivers
Aleksey Savchenko,a-savchenk
O.E. Tearmann,o-tearmann
Gerry Duggan,g-duggan
Rich Larson,r-larson
Eliot Peper,e-peper
Emily Devenport,e-devenpor
Brenden Fletcher,b-fletcher
Luke E.T. Hindmarsh,le-hindmars
Andrew Dobell,a-dobell
Harmon Cooper,h-cooper
Nick Bostrom,n-bostrom
M.K. Gibson,m-gibson
Zac Gorman,z-gorman
Craig Lea Gordon,c-gordon
Christofer Emgård,c-emgård
Edward Ashton,e-ashton
Piers Platt,p-platt
Vasily Mahanenko,v-mahanenk
Saul W. Tanpepper,sw-tanpeppe
David Lagercrantz,d-lagercra
Brian M. Sammons,bm-sammons
Kai O'Connal,k-o'connal
Robbie Morrison,r-morrison
W.T. Quick,w-quick
Olivier Gagnon,o-gagnon
Steven Savile,s-savile
Billy Dee Williams,b-williams
D.K. Cassidy,d-cassidy
Nicola Claire,n-claire
Kevin D. Mitnick,kd-mitnick
R.D. Hale,r-hale
Dani Kollin,d-kollin
Patrick Goodman,p-goodman
Carlen Lavigne,c-lavigne
David Wohl,d-wohl
Paige Daniels,p-daniels
Jon Skovron,j-skovron
Daniel Jeffries,d-jeffries
K.D. Penn,k-penn
Dani Cavallaro,d-cavallar
Ivan Nedič,i-nedič
Daniele Brolli,d-brolli
James K. Decker,jk-decker
Nina D'Aleo,n-d'aleo
Keith Brooke,k-brooke
Boris Koch,b-koch
John Zakour,j-zakour
Yū Kinutani,y-kinutani
Ryan Boudinot,r-boudinot
Joshua Klein,j-klein
Patrick Todoroff,p-todoroff
Monica Hughes,m-hughes
James Francis Cameron,j-cameron
Matthew Woodring Stover,m-stover
Derek Quintanar,d-quintana
David Ackerman,d-ackerman
Andrew Cartmel,a-cartmel
Jane Lindskold,j-lindskol
Mark E. Russinovich,me-russinov
Jed Whedon,j-whedon
Eric Garcia,e-garcia
Masaki Yamada,m-yamada
Victor Milán,v-milán
Timothy Leary,t-leary
Mark Dery,m-dery
Jeffery Deaver,j-deaver
Kirk Outerbridge,k-outerbri
Chris Young,c-young
Colin Fisk,c-fisk
Conor Kostick,c-kostick
John Twelve Hawks,j-hawks
S.N. Lewitt,s-lewitt
Lloyd Blankenship,l-blankens
Tricia Sullivan,t-sullivan
Ari North,a-north
Wayne Santos,w-santos
Fraser  Simons,f-simons
Tony Corden,t-corden
Joanna Kavenna,j-kavenna
Tamsyn Muir,t-muir
Megan Mackie,m-mackie
Jun Eishima,j-eishima
Larissa Lai,l-lai
Kurtis J. Wiebe,kj-wiebe
Richard  Parry,r-parry
Sam Esmail,s-esmail
Victor LaValle,v-lavalle
Eyal Kless,e-kless
Mary Safro,m-safro
Jaym Gates,j-gates
Mœbius,m-mœbius
Steven T. Brown,st-brown
Robert Shea,r-shea
Jason M Hardy,j-hardy
Neil Clarke,n-clarke
Chandler Klang Smith,c-smith
R.E.  Stearns,r-stearns
Kevin   Murphy,k-murphy
Ccru,c-ccru
Daniel Lovat Clark,d-clark
Travis Bagwell,t-bagwell
Max  Hernández,m-hernánde
Cody Sisco,c-sisco
Christopher Hinz,c-hinz
Katrina Ostrander,k-ostrande
Bradley P. Beaulieu,bp-beaulieu
Brent Roth,b-roth
Niall Teasdale,n-teasdale
Alex Livingston,a-livingst
Terry Carr,t-carr
Jean-Marc Ligny,j-ligny
Kelsey Lee Connors,k-connors
Dan Jurgens,d-jurgens
Cryoclaire,c-cryoclai
Naoki Urasawa,n-urasawa
Lisa Mantchev,l-mantchev
Kevin R. Czarnecki,kr-czarneck
Phaedra Weldon,p-weldon
Mark Leyner,m-leyner
M.R. Forbes,m-forbes
Eduardo Suastegui,e-suastegu
David Wingrove,d-wingrove
Richard Starkings,r-starking
Guy Haley,g-haley
Mike Gullickson,m-gullicks
Yevgeny Zamyatin,y-zamyatin
Nancy Farmer,n-farmer
Gemma Malley,g-malley
Teri Terry,t-terry
Hillary Jordan,h-jordan
Amy Ewing,a-ewing
Megan McCafferty,m-mccaffer
Katie Kacvinsky,k-kacvinsk
Franz Kafka,f-kafka
Aimee Carter,a-carter
Yōko Ogawa,y-ogawa
Louise O'Neill,l-o'neill
Erin Bowman,e-bowman
Erin Bow,e-bow
Julia Karr,j-karr
Alexander Gordon Smith,a-smith
Ninni Holmqvist,n-holmqvis
Heather Anastasiu,h-anastasi
Gary Shteyngart,g-shteynga
Laline Paull,l-paull
Theo Lawrence,t-lawrence
Amy Kathleen Ryan,a-ryan
Elana Johnson,e-johnson
Lindsay Cummings,l-cummings
Bella Forrest,b-forrest
Abi Ketner,a-ketner
Rachel Cohn,r-cohn
Robin Wasserman,r-wasserma
Elena May,e-may
Sophie Mackintosh,s-mackinto
Emmi Itäranta,e-itäranta
Renée Nault,r-nault
Samira Ahmed,s-ahmed
William F. Nolan,wf-nolan
Emma Pass,e-pass
Sangu Mandanna,s-mandanna
Pam Bachorz,p-bachorz
Victoria Scott,v-scott
Thomas More,t-more
Tehlor Kay Mejia,t-mejia
Rachel Vincent,r-vincent
Jennifer Rush,j-rush
Karen Healey,k-healey
J.A. Souders,j-souders
Anna Sheehan,a-sheehan
Cameron Stracher,c-stracher
J.A. London,j-london
Lisa McMann,l-mcmann
Karin Boye,k-boye
Mike A. Lancaster,ma-lancaste
Allegra Goodman,a-goodman
Peadar Ó Guilín,p-guilín
Sarah Hall,s-hall
Jessica Khoury,j-khoury
Emma Clayton,e-clayton
Julie Bertagna,j-bertagna
Johanna Sinisalo,j-sinisalo
Bethany Hagen,b-hagen
Lia Habel,l-habel
Lise Haines,l-haines
Lydia Kang,l-kang
Rob Hart,r-hart
Holly Bodger,h-bodger
Gregory Scott Katsoulis,g-katsouli
Joanne Ramos,j-ramos
Mark Dunn,m-dunn
Ais,a-ais
Debra Driza,d-driza
Claire Merle,c-merle
Maja Lunde,m-lunde
Rae Mariz,r-mariz
Marc-Uwe Kling,m-kling
Ann Brashares,a-brashare
Karel Čapek,k-čapek
Suzette Haden Elgin,s-elgin
Dan Krokos,d-krokos
Ashley Saunders,a-saunders
Pintip Dunn,p-dunn
Jessica Shirvington,j-shirving
Ambelin Kwaymullina,a-kwaymull
Alena Graedon,a-graedon
Lauren McLaughlin,l-mclaughl
Sara Grant,s-grant
Joey Graceffa,j-graceffa
Kate Jarvik Birch,k-birch
Diane  Cook,d-cook
Joseph Heller,j-heller
M.D. Waters,m-waters
Alice Broadway,a-broadway
Clare B. Dunkle,cb-dunkle
Tim Hamilton,t-hamilton
Charlotte Wood,c-wood
Emily Lloyd-Jones,e-lloyd-jo
Steven dos Santos,s-santos
Leah Bobet,l-bobet
Rachel Ward,r-ward
Catherine Knutsson,c-knutsson
William Nicholson,w-nicholso
K.M. Szpara,k-szpara
Santino Hassell,s-hassell
Lynne Matson,l-matson
Karin Tidbeck,k-tidbeck
Claudia Gabel,c-gabel
Joelle Anthony,j-anthony
Arthur Koestler,a-koestler
Vladimir Sorokin,v-sorokin
Giovanna Fletcher,g-fletcher
Anna Smaill,a-smaill
Patrick Carman,p-carman
Sophie  Davis,s-davis
Kirsty Logan,k-logan
Alexandra Duncan,a-duncan
David Foster Wallace,d-wallace
Maggie Shen King,m-king
Kate Avery Ellison,k-ellison
Pierre Boulle,p-boulle
Patricia Forde,p-forde
Phoebe North,p-north
Yōko Tawada,y-tawada
أحمد خالد توفيق,أ-توفيق
Lenore Appelhans,l-appelhan
H.A. Swain,h-swain
Amy Christine Parker,a-parker
William Sleator,w-sleator
Jennifer   Wilson,j-wilson
Kevin Emerson,k-emerson
Victoria  Lee,v-lee
Megan Angelo,m-angelo
Samantha Durante,s-durante
Imogen Howson,i-howson
Evan Angler,e-angler
Kassy Tayler,k-tayler
Joyce Carol Oates,j-oates
Lauren Nicolle Taylor,l-taylor
Krista McGee,k-mcgee
Shannon Stoker,s-stoker
Glenn Beck,g-beck
Sarah Dalton,s-dalton
A.G. Henley,a-henley
Charlotte Perkins Gilman,c-gilman
Kayla Olson,k-olson
Michael Buckley,m-buckley
Saci Lloyd,s-lloyd
Ruth  Silver,r-silver
Karen Hesse,k-hesse
Stephanie  Diaz,s-diaz
Lesley Hauge,l-hauge
Mohsin Hamid,m-hamid
David Patneaude,d-patneaud
Lionel Shriver,l-shriver
Michel Houellebecq,m-houelleb
Lori M. Lee,lm-lee
David Baldacci,d-baldacci
Michelle Rowen,m-rowen
Angie Smibert,a-smibert
Pete Hautman,p-hautman
Ben  Oliver,b-oliver
Tania Unsworth,t-unsworth
Sarah Harian,s-harian
Rachelle Dekker,r-dekker
Basma Abdel Aziz,b-aziz
Lee Strauss,l-strauss
Axie Oh,a-oh
Jenny Moyer,j-moyer
Lana Krumwiede,l-krumwied
Antony John,a-john
George Saunders,g-saunders
Richard  Adams,r-adams
A.S. King,a-king
Chris   Howard,c-howard
Paul  Hoffman,p-hoffman
Jeanette Winterson,j-winterso
Lilliam Rivera,l-rivera
Janelle Stalder,j-stalder
Kristen Landon,k-landon
Rachel Heng,r-heng
Ryan Winfield,r-winfield
Vanessa Veselka,v-veselka
Jacqueline Harpman,j-harpman
Gretchen McNeil,g-mcneil
Laura van den Berg,l-berg
Monica Byrne,m-byrne
Kate A. Boorman,ka-boorman
Quil Carter,q-carter
Jonathan Swift,j-swift
Joseph Bruchac,j-bruchac
Rebecca Gober,r-gober
C.J. Hill,c-hill
Ted Dekker,t-dekker
Cale Dietrich,c-dietrich
Jen Minkman,j-minkman
Juli Zeh,j-zeh
Vladimir Nabokov,v-nabokov
Atsuko Asano,a-asano
Kerry Wilkinson,k-wilkinso
Kameron Hurley,k-hurley
Kalynn  Bayron,k-bayron
Tarryn Fisher,t-fisher
Alexandra Monir,a-monir
S.M.  Wilson,s-wilson
Stefanie Gaither,s-gaither
Julio Alexi Genao,j-genao
Sarah Fine,s-fine
Catherine Austen,c-austen
Jinsei Kataoka,j-kataoka
Janet McNaughton,j-mcnaught
Tracy Banghart,t-banghart
Jennifer Martucci,j-martucci
Jenna Black,j-black
Jane Rogers,j-rogers
Jess Rothenberg,j-rothenbe
Kaiu Shirai,k-shirai
Robert L. Forward,rl-forward
Hal Clement,h-clement
John Sandford,j-sandford
Fred Hoyle,f-hoyle
Edwin A. Abbott,ea-abbott
Ben Bova,b-bova
Laurence E. Dahners,le-dahners
Jules Verne,j-verne
Brandon Q. Morris,bq-morris
Robert Reed,r-reed
Yoon Ha Lee,y-lee
Roger    Williams,r-williams
Bill DeSmedt,b-desmedt
Megan E. O'Keefe,me-o'keefe
Douglas Phillips,d-phillips
Peter Cawdron,p-cawdron
Suzanne Palmer,s-palmer
Chris Harte,c-harte
Derek Künsken,d-künsken
Fritz Leiber,f-leiber
Max Harms,m-harms
Jonathan Strahan,j-strahan
A.k. Usher,a-usher
Ben Brown,b-brown
Bruce C. Davis,bc-davis
Gary Gibson,g-gibson
T.I. Wade,t-wade
Douglas Preston,d-preston
John C. Wright,jc-wright
Jack Williamson,j-williams
Karl Schroeder,k-schroede
Buzz Aldrin,b-aldrin
Yukinobu Hoshino,y-hoshino
W. Warren Wagar,w-wagar
James Blish,j-blish
Raymond Z. Gallun,rz-gallun
Marina J. Lostetter,mj-lostette
Olivia Chadha,o-chadha
Michio Kaku,m-kaku
George Zebrowski,g-zebrowsk
Greg Hickey,g-hickey
John Clute,j-clute
Mack Reynolds,m-reynolds
James L. Halperin,jl-halperin
P.W. Singer,p-singer
Michael A. Burstein,ma-burstein
Thor Ansell,t-ansell
David Gerrold,d-gerrold
Ian Douglas,i-douglas
Henry Vogel,h-vogel
Bob Mayer,b-mayer
Daniel Keyes,d-keyes
Michael D. O'Brien,md-o'brien
Michael            Carroll,m-carroll
Harun Šiljak,h-šiljak
Si Clarke,s-clarke
Samuel   Best,s-best
Jeff Smith,j-smith
Alec Nevala-Lee,a-nevala-l
Lazlo Ferran,l-ferran
John Steakley,j-steakley
S.L. Huang,s-huang
A.C. Crispin,a-crispin
Will Macmillan Jones,w-jones
Caitlín R. Kiernan,cr-kiernan
Temi Oh,t-oh
Arkady Martine,a-martine
Ada Palmer,a-palmer
Wawrzyniec Podrzucki,w-podrzuck
Robert Stallman,r-stallman
Vladimir Voinovich,v-voinovic
Janet Morris,j-morris
John Argo,j-argo
R.C. Sherriff,r-sherriff
Peter  George,p-george
Barton Ludwig,b-ludwig
Anne C. Perry,ac-perry
Alexander Wales,a-wales
John DeChancie,j-dechanci
A.D. Zoltan,a-zoltan
Raffael Coronelli,r-coronell
Lisa A. Nichols,la-nichols
Sterling Blake,s-blake
Christopher A. Gray,ca-gray
Vincent B. Moneymaker,vb-moneymak
Mark Kalina,m-kalina
R.A. Lafferty,r-lafferty
Douglas E. Richards,de-richards
Catherine Fearns,c-fearns
Christopher Mari,c-mari
Cordwainer Smith,c-smith
David   Lea,d-lea
Dayton Ward,d-ward
Patricia Anthony,p-anthony
John S. Lewis,js-lewis
Bennett R. Coles,br-coles
M. Ian Bell,m-bell
Tim Pratt,t-pratt
"E.E. ""Doc"" Smith",e-smith
Gene Roddenberry,g-roddenbe
Bill Fawcett,b-fawcett
Phillip P. Peterson,pp-peterson
Anne Charnock,a-charnock
Alex Garland,a-garland
James White,j-white
Sharon Shinn,s-shinn
Bill  Patterson,b-patterso
Leland Lydecker,l-lydecker
Robert Tine,r-tine
Vaughn Heppner,v-heppner
James Luceno,j-luceno
Peter Godfrey-Smith,p-godfrey-
Patrick Kelley,p-kelley
Italo Calvino,i-calvino
S.A. Pavli,s-pavli
J.P. Yager,j-yager
Salvador Mercer,s-mercer
Josi Russell,j-russell
Jeffrey A. Carver,ja-carver
Scott McElhaney,s-mcelhane
Ryk Brown,r-brown
Jerry Pournelle,j-pournell
Brenda Cooper,b-cooper
Paul Elard Cooley,p-cooley
Cyril Judd,c-judd
C.M. Kornbluth,c-kornblut
Fred Saberhagen,f-saberhag
Steven Brust,s-brust
Wang Jinkang,w-jinkang
Dean M. Cole,dm-cole
Tal M. Klein,tm-klein
Robert A. Metzger,ra-metzger
Allan Ferrenberg,a-ferrenbe
Alexander Belyaev,a-belyaev
John Milne,j-milne
Sakyo Komatsu,s-komatsu
H. Paul Honsinger,h-honsinge
Catherine Asaro,c-asaro
Mickey Zucker Reichert,m-reichert
J.O. Jeppson,j-jeppson
Boyd Morrison,b-morrison
Book*Sense,b-book*sen
Ashley Poston,a-poston
John J. Lumpkin,jj-lumpkin
Janet E. Morris,je-morris
Andrew P. Weston,ap-weston
Geoffrey A. Landis,ga-landis
Murray Leinster,m-leinster
Lincoln Child,l-child
Stephen  Baker,s-baker
Ben Jeapes,b-jeapes
Mark Alpert,m-alpert
Colin Harvey,c-harvey
Paul Chafe,p-chafe
Edward M. Lerner,em-lerner
Michael Z. Williamson,mz-williams
David S. Goyer,ds-goyer
John J. Nance,jj-nance
Richard   Curtis,r-curtis
Therin Knite,t-knite
Ryu Mitsuse,r-mitsuse
Carter Scholz,c-scholz
Ian Stewart,i-stewart
Thadd Evans,t-evans
Gregory Gates,g-gates
J. Daniel Batt,j-batt
Tristina Wright,t-wright
Johan Twiss,j-twiss
Gwyneth Jones,g-jones
D.C. Wolf,d-wolf
Ted Kosmatka,t-kosmatka
Sandra McDonald,s-mcdonald
Adrienne Maree Brown,a-brown
David Z. Albert,dz-albert
Suzanne van Rooyen,s-rooyen
K.S. Augustin,k-augustin
Jeno Marz,j-marz
Hermann Oberth,h-oberth
Max Valier,m-valier
Spencer Wolf,s-wolf
Reesa Herberth,r-herberth
Nathan Lowell,n-lowell
Alex McKechnie,a-mckechni
Muhammed Zafar Iqbal,m-iqbal
Dan Needles,d-needles
Joe Vizanko,j-vizanko
Duncan Long,d-long
Erik Martin Willén,e-willén
Alex J. Reissig,aj-reissig
Richard Winder,r-winder
Ralph Joseph-MIriani,r-joseph-m
Christian Matari,c-matari
Sam White,s-white
Al Philipson,a-philipso
Randolph Lalonde,r-lalonde
Gene N. McMurtry,gn-mcmurtry
Michael R. Hicks,mr-hicks
Crawford Kilian,c-kilian
John Bowers,j-bowers
Bruce Davis,b-davis
Steven  Campbell,s-campbell
Susan  Cartwright,s-cartwrig
Jim Gamble,j-gamble
Mike Shepherd,m-shepherd
Joshua Dalzelle,j-dalzelle
B.V. Larson,b-larson
Elliott Kay,e-kay
Robert Buettner,r-buettner
William C. Dietz,wc-dietz
David Sherman,d-sherman
John G. Hemry,jg-hemry
Steven L. Kent,sl-kent
Glynn Stewart,g-stewart
David Feintuch,d-feintuch
David Gunn,d-gunn
J.A. Sutherland,j-sutherla
Eric    Thomson,e-thomson
Sara  King,s-king
Thomas DePrima,t-deprima
Mark E. Cooper,me-cooper
R.M. Meluch,r-meluch
Michael G. Thomas,mg-thomas
Daniel Arenson,d-arenson
Tom Kratman,t-kratman
Graham McNeill,g-mcneill
Graham Sharp Paul,g-paul
T.C. McCarthy,t-mccarthy
Michael Mammay,m-mammay
W.C. Bauers,w-bauers
Robert Lynn Asprin,r-asprin
Jay Allan,j-allan
Travis S. Taylor,ts-taylor
Laura E. Reeve,le-reeve
Steve  White,s-white
Jamie Sawyer,j-sawyer
Nick Webb,n-webb
Alan  Black,a-black
Stephen W. Bennett,sw-bennett
Luke Sky Wachter,l-wachter
Chris Bunch,c-bunch
Ben Counter,b-counter
Stephen J. Sweeney,sj-sweeney
Jason Anspach,j-anspach
Ken Lozito,k-lozito
Richard  Baker,r-baker
Richard Fox,r-fox
Dietmar Arthur Wehr,d-wehr
Sandy Mitchell,s-mitchell
Isaac Hooke,i-hooke
Steven L. Hawk,sl-hawk
Brian Herbert,b-herbert
Christopher Anvil,c-anvil
Mike Moscoe,m-moscoe
Tobias S. Buckell,ts-buckell
Marshall S. Thomas,ms-thomas
Mark Wandrey,m-wandrey
Vanessa Ravencroft,v-ravencro
Chris  Kennedy,c-kennedy
Tori L. Harris,tl-harris
Michael  Chatfield,m-chatfiel
Raymond L. Weil,rl-weil
S.H. Jucha,s-jucha
Sam Schall,s-schall
James Doohan,j-doohan
Doug Dandridge,d-dandridg
Phillip Richards,p-richards
Patrick Tilley,p-tilley
Brett James,b-james
Richard L. Sanders,rl-sanders
John Dalmas,j-dalmas
Richard   Phillips,r-phillips
Gav Thorpe,g-thorpe
Aaron Allston,a-allston
Joseph Staten,j-staten
Karin Lowachee,k-lowachee
Jeremy Szal,j-szal
Jonathan P. Brazee,jp-brazee
Drew   Williams,d-williams
James David Victor,j-victor
Joshua James,j-james
Scott   Warren,s-warren
Jamie McFarlane,j-mcfarlan
M.D. Cooper,m-cooper
Stephen     Moss,s-moss
Terry Mixon,t-mixon
S.K. Dunstall,s-dunstall
Lindsay Buroker,l-buroker
Peter  Grant,p-grant
Timothy Ellis,t-ellis
Sean-Michael Argo,s-argo
C.R. Daems,c-daems
Tim C. Taylor,tc-taylor
Charles E. Gannon,ce-gannon
Aaron Dembski-Bowden,a-dembski-
Dave Bara,d-bara
Brad R. Torgersen,br-torgerse
L.J. Goulding,l-goulding
Thomas A. Mays,ta-mays
Nick Kyme,n-kyme
Christian Dunn,c-dunn
Jeff Grubb,j-grubb
Phil Geusz,p-geusz
William King,w-king
K.D. Wentworth,k-wentwort
Kennedy Hudner,k-hudner
Mike Lee,m-lee
Mitchel Scanlon,m-scanlon
Nick S. Thomas,ns-thomas
Joel Rosenberg,j-rosenber
Andy Remic,a-remic
Doc Spears,d-spears
Patrick S. Tomlinson,ps-tomlinso
J.R. Handley,j-handley
Josh Hayes,j-hayes
Rodney W. Hartman,rw-hartman
Joel Dane,j-dane
Ian J. Malone,ij-malone
Jake Elwood,j-elwood
Rick Partlow,r-partlow
Jonathan Yanez,j-yanez
Dave Grossman,d-grossman
John  French,j-french
Andy Smillie,a-smillie
Jon R. Osborne,jr-osborne
Kevin Ikenberry,k-ikenberr
Chris Kennedy,c-kennedy
Michael McCollum,m-mccollum
David Annandale,d-annandal
William Alan Webb,w-webb
H. Peter Alesso,h-alesso
Kenneth Tam,k-tam
John  Ringo,j-ringo
Mike Kupari,m-kupari
Jody Lynn Nye,j-nye
Dan  Thompson,d-thompson
Timothy J. Gawne,tj-gawne
Christie Golden,c-golden
David A. Tatum,da-tatum
Blaze Ward,b-ward
Michael Anderle,m-anderle
Phil Kelly,p-kelly
Chris  Fox,c-fox
Aer-ki Jyr,a-jyr
Elizabeth Bonesteel,e-bonestee
John Walker,j-walker
David Guymer,d-guymer
Rob   Sanders,r-sanders
Anthony Reynolds,a-reynolds
Yoshiki Tanaka,y-tanaka
Michael Atamanov,m-atamanov
C.J. Carella,c-carella
Simon Hawke,s-hawke
Casey Calouette,c-calouett
Sean Danker,s-danker
Ivan Kal,i-kal
Mark A. Latham,ma-latham
G.P. Hudson,g-hudson
J.S. Hawn,j-hawn
Bill Baldwin,b-baldwin
Matt Forbeck,m-forbeck
Adrian D. Roberts,ad-roberts
Chris Wraight,c-wraight
D.J.  Holmes,d-holmes
Peter  Brown,p-brown
Ame Dyckman,a-dyckman
Adam Rubin,a-rubin
Dan Yaccarino,d-yaccarin
Todd Tarpley,t-tarpley
Jessie Sima,j-sima
Kelly DiPucchio,k-dipucchi
Jon Scieszka,j-scieszka
Sara Varon,s-varon
Tanith Lee,t-lee
Mac Barnett,m-barnett
David Milgrim,d-milgrim
William Campbell Powell,w-powell
Prudence Shen,p-shen
Cece Bell,c-bell
Tim McCanna,t-mccanna
Annette Simon,a-simon
Jake Parker,j-parker
Leo Timmers,l-timmers
Rebecca Emberley,r-emberley
Chris Gall,c-gall
Adam F. Watkins,af-watkins
Tedd Arnold,t-arnold
Gordon Korman,g-korman
Bob Staake,b-staake
Kazu Kibuishi,k-kibuishi
Michael Rex,m-rex
Michelle Robinson,m-robinson
Chihiro Takeuchi,c-takeuchi
Tom Angleberger,t-angleber
A. Lee Martinez,a-martinez
T.L. McBeth,t-mcbeth
Steve Antony,s-antony
Judd Winick,j-winick
Chris Van Dusen,c-dusen
Tom King,t-king
Musical Robot,m-robot
Tim Floreen,t-floreen
David Lucas,d-lucas
Patricia MacLachlan,p-maclachl
Nathan Hale,n-hale
Anna Staniszewski,a-stanisze
Sam  Brown,s-brown
Josh Schneider,j-schneide
Dominik Parisien,d-parisien
Deborah Install,d-install
Mike Austin,m-austin
Sean  Taylor,s-taylor
Brian Selznick,b-selznick
Roger MacBride Allen,r-allen
Mike Twohy,m-twohy
James Yang,j-yang
Simon  Curtis,s-curtis
CLAMP,c-clamp
Josh Funk,j-funk
Miranda  Paul,m-paul
M.P. Kozlowsky,m-kozlowsk
Ted Hughes,t-hughes
Aaron Reynolds,a-reynolds
Lee Bacon,l-bacon
Chris Riddell,c-riddell
Yuu Watase,y-watase
Blue Delliquanti,b-delliqua
Sue Fliess,s-fliess
Royden Lepp,r-lepp
James Burks,j-burks
Simon  James,s-james
Naomi Kritzer,n-kritzer
Jeffrey Brown,j-brown
Ru Xu,r-xu
Tony DiTerlizzi,t-diterliz
Rachel Swirsky,r-swirsky
J.P. Delaney,j-delaney
Kristyna Litten,k-litten
James Dean,j-dean
Martin Ford,m-ford
Deborah Underwood,d-underwoo
Jarrett J. Krosoczka,jj-krosoczk
John Sladek,j-sladek
John M. Cusick,jm-cusick
Brian Clevinger,b-clevinge
Nina Varela,n-varela
Todd McAulty,t-mcaulty
Meredith Katz,m-katz
Gene Luen Yang,g-yang
Chris Judge,c-judge
Bob Boyle,b-boyle
Lester del Rey,l-rey
David N.L. Levy,dn-levy
Pádraig Kenny,p-kenny
Yehudi Mercado,y-mercado
Mairghread Scott,m-scott
Shanda McCloskey,s-mccloske
Karen Kaufman Orloff,k-orloff
Mark  Siegel,m-siegel
Jarrett Lerner,j-lerner
J.S. Morin,j-morin
Stephen W. Martin,sw-martin
Michael Slack,m-slack
Alexander C. Irvine,ac-irvine
Heather Brown,h-brown
Brian Pinkney,b-pinkney
Jess Fink,j-fink
Sherry Turkle,s-turkle
Bruce McCall,b-mccall
Helen Lester,h-lester
Janet Asimov,j-asimov
Dav Pilkey,d-pilkey
Rob Chilson,r-chilson
Len Vlahos,l-vlahos
Carolyn Crimi,c-crimi
Sarah Graley,s-graley
Justin Dean,j-dean
Greg Pak,g-pak
Lynne M. Thomas,lm-thomas
Scholastic Inc.,s-inc.
Ian Boothby,i-boothby
A. Merc Rustad,a-rustad
Kim Norman,k-norman
Christina Geist,c-geist
Dana Meachen Rau,d-rau
Marc Rosenthal,m-rosentha
Joshua Davis,j-davis
Ian Whybrow,i-whybrow
Ben Joel Price,b-price
C.J. Richards,c-richards
Kevin Luthardt,k-luthardt
Helen Fox,h-fox
Katie Van Camp,k-camp
Kurtis Scaletta,k-scaletta
Denny Hebson,d-hebson
William Joyce,w-joyce
Viviane Schwarz,v-schwarz
Julia Crane,j-crane
Lydia Netzer,l-netzer
Hiroshi Yamamoto,h-yamamoto
Wesley Allison,w-allison
William F. Wu,wf-wu
Ray Kurzweil,r-kurzweil
Arthur Byron Cover,a-cover
Mike McQuay,m-mcquay
Linda Sue Park,l-park
Ariel S. Winter,as-winter
William Massa,w-massa
R. Magnusholm,r-magnusho
Sara Schonfeld,s-schonfel
Damien Love,d-love
Markus Motum,m-motum
Jo Rooks,j-rooks
Guido Van Genechten,g-genechte
Mark O'Connell,m-o'connel
Sudipta  Bardhan-Quallen,s-bardhan-
Jason Bays,j-bays
Manuel  Gonzales,m-gonzales
Joan Bauer,j-bauer
Lian Tanner,l-tanner
Louisa Hall,l-hall
Ryan Ferrier,r-ferrier
Alexandra Dellevoet,a-dellevoe
R. Nicholas Kuszyk,r-kuszyk
Kiki Thorpe,k-thorpe
Bob Pflugfelder,b-pflugfel
Sean Patrick O’Reilly,s-o’reilly
James Barrat,j-barrat
Barrington J. Bayley,bj-bayley
Gordon Dahlquist,g-dahlquis
Mark W. Tiedemann,mw-tiedeman
James Roberts,j-roberts
Jaclyn Dolamore,j-dolamore
Tony Ballantyne,t-ballanty
Hans Moravec,h-moravec
Seth McEvoy,s-mcevoy
Vicky Fang,v-fang
Lauren   James,l-james
Erin K. Wagner,ek-wagner
Zoltan Andrejkovics,z-andrejko
John Kelly,j-kelly
C. Spike Trotman,c-trotman
Wade Albert White,w-white
Rob Dircks,r-dircks
M.G. Wheaton,m-wheaton
M.M. Vaughan,m-vaughan
Joan Holub,j-holub
Amanda Lafrenais,a-lafrenai
Chad Sell,c-sell
Arwen Elys Dayton,a-dayton
Maria Lecocq,m-lecocq
Christopher Eliopoulos,c-eliopoul
Emily Skrutskie,e-skrutski
Drew Brockington,d-brocking
Zillah Bethell,z-bethell
Neill Cameron,n-cameron
Rachael Eyre,r-eyre
Elizabeth Schaefer,e-schaefer
Thomas Siddell,t-siddell
Nancy E. Krulik,ne-krulik
D.S. Thornton,d-thornton
Richard Yonck,r-yonck
Jon  Nielsen,j-nielsen
Rhoda Belleza,r-belleza
Jackson Lanzing,j-lanzing
April  Daniels,a-daniels
Sarah Maria Griffin,s-griffin
Jennifer Swanson,j-swanson
Ryan North,r-north
ONE,o-one
Osamu Tezuka,o-tezuka
John Markoff,j-markoff
Vick E.,v-e.
Time for Kids Magazine,t-magazine
James Gelsey,j-gelsey
Anthony J. Deeney,aj-deeney
R.A. Montgomery,r-montgome
Jim Benton,j-benton
Philippe Ug,p-ug
Cornelius Van Wright,c-wright
Alex Woolfson,a-woolfson
David Gatewood,d-gatewood
R.L. Stine,r-stine
J.V. Kade,j-kade
Illah Reza Nourbakhsh,i-nourbakh
Tracy Kidder,t-kidder
Ryan Ann Hunter,r-hunter
Ian Doescher,i-doescher
Thea von Harbou,t-harbou
Madeline Valentine,m-valentin
A.J. Lieberman,a-lieberma
Kallysten,k-kallyste
Sue Lange,s-lange
Candace Ryan,c-ryan
Ryan Heshka,r-heshka
Brian Michael Bendis,b-bendis
Matt Myklusch,m-myklusch
Joseph L. Jones,jl-jones
Anastasia Suen,a-suen
Peter Catalanotto,p-catalano
Grant Naylor,g-naylor
Doug TenNapel,d-tennapel
David Kirk,d-kirk
Alfred Slote,a-slote
Doug Chiang,d-chiang
David  Simpson,d-simpson
Stephen Leigh,s-leigh
Alessandro Barbucci,a-barbucci
Stan Berenstain,s-berensta
Stephen Hunt,s-hunt
Mitsukazu Mihara,m-mihara
Jeff Parker,j-parker
Rodney A. Brooks,ra-brooks
Chris Claremont,c-claremon
Rowena Akinyemi,r-akinyemi
Jennifer Wolfthal,j-wolfthal
Victoria Ying,v-ying
Carla Grauls,c-grauls
Ros Anderson,r-anderson
Kara West,k-west
J.N. Monk,j-monk
John Barber,j-barber
Christine Zuchora-Walske,c-zuchora-
Hussein Traboulsi,h-trabouls
Jason,j-jason
Melanie Hilario,m-hilario
Tim Hauser,t-hauser
B.R.  Myers,b-myers
Julie Hampton,j-hampton
Simon Haynes,s-haynes
J. Torres,j-torres
Iain Reid,i-reid
Mike Maihack,m-maihack
Jack Kirby,j-kirby
Kate Devlin,k-devlin
Clay Cormany,c-cormany
M. Black,m-black
Simeon  Mills,s-mills
Seth Fried,s-fried
Peter Bunzl,p-bunzl
Jonathan Litton,j-litton
A.J. Low,a-low
Ada Hoffmann,a-hoffmann
Helaine Becker,h-becker
Shaun Barger,s-barger
Dan Jolley,d-jolley
Tom Veitch,t-veitch
Mike Brownlow,m-brownlow
Hope Nicholson,h-nicholso
Alec Birri,a-birri
Craig Thompson,c-thompson
Susan Palwick,s-palwick
Ross Montgomery,r-montgome
Kevin Sherry,k-sherry
Sfé R. Monster,sr-monster
Max  Tegmark,m-tegmark
Otsuichi,o-otsuichi
Matt Groening,m-groening
Charles Soule,c-soule
Tom Gauld,t-gauld
Dan Santat,d-santat
Chris Grine,c-grine
Pippa DaCosta,p-dacosta
Alexander        Weinstein,a-weinstei
Barnaby Richards,b-richards
Jennifer Fretland Vanvoorst,j-vanvoors
Ian Flynn,i-flynn
Rita Stradling,r-stradlin
Eamon Ambrose,e-ambrose
Donald F. Glut,df-glut
Shinsuke Yoshitake,s-yoshitak
Ben Sears,b-sears
K.G. Campbell,k-campbell
Alex Milway,a-milway
Robin Hanson,r-hanson
Jaylee James,j-james
Hayley Stone,h-stone
Ada Hopper,a-hopper
Gordon McComb,g-mccomb
Roger Arrick,r-arrick
Walter Wick,w-wick
Chris  Barton,c-barton
Calum Chace,c-chace
Greg Dragon,g-dragon
Rob Schrab,r-schrab
Matt Novak,m-novak
Jim McCann,j-mccann
Anthony O'Neill,a-o'neill
C.A. Higgins,c-higgins
Gail Tuchman,g-tuchman
Alexander Key,a-key
J. Elizabeth Mills,j-mills
Nancy Furstinger,n-fursting
Robert Thurston,r-thurston
Scarlet Blackwell,s-blackwel
Sonny Liew,s-liew
Jason Aaron,j-aaron
Melissa Stewart,m-stewart
Caroline Jayne Church,c-church
Nicholas Briggs,n-briggs
Nic Kelman,n-kelman
Steve Gritton,s-gritton
Laura Driscoll,l-driscoll
S.  Harrison,s-harrison
Samuel Peralta,s-peralta
Noelle Stevenson,n-stevenso
Brian Daley,b-daley
Andreas Eschbach,a-eschbach
Hitoshi Ariga,h-ariga
Jay Hosler,j-hosler
Marshall Brain,m-brain
Bobby Mercer,b-mercer
Andrzej Klimowski,a-klimowsk
Ben Clanton,b-clanton
Eric Shanower,e-shanower
Behnam Salemi,b-salemi
Doug Naylor,d-naylor
Rachel Searles,r-searles
Gareth Branwyn,g-branwyn
Timothy N. Hornyak,tn-hornyak
Kurt Cyrus,k-cyrus
Clive Cussler,c-cussler
Simon Roy,s-roy
Clive Gifford,c-gifford
Fiona Smyth,f-smyth
Camille Alexa,c-alexa
Gareth Roberts,g-roberts
Keith Giffen,k-giffen
Scott Tipton,s-tipton
Ellen Leroe,e-leroe
Issui Ogawa,i-ogawa
Pat Schories,p-schories
Dave Gross,d-gross
Randall Frakes,r-frakes
Fred Gallagher,f-gallaghe
James Kochalka,j-kochalka
Greg Cox,g-cox
Russell Blackford,r-blackfor
Mariah Balaban,m-balaban
Darrin Grimwood,d-grimwood
Patrick Lin,p-lin
Scott Hutchins,s-hutchins
Sean Kenney,s-kenney
Renée Bennett,r-bennett
Henry Kuttner,h-kuttner
Gaby Wood,g-wood
T.J. Bass,t-bass
Jeff Conner,j-conner
Lee Gutkind,l-gutkind
Hiromu Arakawa,h-arakawa
Masakazu Katsura,m-katsura
Jerry Oltion,j-oltion
Julietta Suzuki,j-suzuki
Zack Whedon,z-whedon
Andrej Hodov,a-hodov
Derek Benz,d-benz
Akira Toriyama,a-toriyama
Tracey West,t-west
Alex Milne,a-milne
Mike Costa,m-costa
Shane McCarthy,s-mccarthy
Karen Sandler,k-sandler
Margaret Bechard,m-bechard
Sally Painter,s-painter
Eric Idle,e-idle
Peter Crowther,p-crowther
Hajime Yatate,h-yatate
The Harvard Lampoon,t-lampoon
Victor Appleton,v-appleton
D. Harlan Wilson,d-wilson
Terry Jones,t-jones
Greg Farshtey,g-farshtey
Jonathan Knudsen,j-knudsen
Ronald C. Arkin,rc-arkin
David Hrynkiw,d-hrynkiw
Ray Fawkes,r-fawkes
Lena  Nguyen,l-nguyen
Scott Finlay,s-finlay
Michael Mallory,m-mallory
Al Ewing,a-ewing
Tim Kindberg,t-kindberg
Steven Banks,s-banks
C.D. Wight,c-wight
Marshal Northrup,m-northrup
Somaiya Daud,s-daud
London Shah,l-shah
Eiichi Shimizu,e-shimizu
James Tynion IV,j-iv
Rebecca Coffindaffer,r-coffinda
Jerry  Boyd,j-boyd
Micah Dean Hicks,m-hicks
Alister Pearson,a-pearson
Ben Dunn,b-dunn
Stephen Krensky,s-krensky
Gary Friedrich,g-friedric
Marco Iansiti,m-iansiti
Park Saenal,p-saenal
Chris Colfer,c-colfer
Joan He,j-he
Harold Tietjens,h-tietjens
Simon Furman,s-furman
Edward Ross,e-ross
Evan Dahm,e-dahm
Henry Gilroy,h-gilroy
Cavan Scott,c-scott
Albert Uderzo,a-uderzo
Leiji Matsumoto,l-matsumot
Brad Mick,b-mick
Bill Mantlo,b-mantlo
Erik Burnham,e-burnham
Arnold Drake,a-drake
Peter J. Tomasi,pj-tomasi
Tom    Taylor,t-taylor
Ryan Parrott,r-parrott
Go Nagai,g-nagai
Chris Sarrachini,c-sarrachi
Skottie Young,s-young
Robert Sheckley,r-sheckley
Michael A. Ventrella,ma-ventrell
Didier Lévy,d-lévy
Chris Monroe,c-monroe
Rebecca  Purcell,r-purcell
Matt Kindt,m-kindt
Kia Asamiya,k-asamiya
John Peel,j-peel
Simon Spurrier,s-spurrier
Jessie Mihalik,j-mihalik
Sharon Lee,s-lee
K.B. Wagers,k-wagers
Debra Doyle,d-doyle
Valerie Valdes,v-valdes
Michael Cobley,m-cobley
Christopher Ruocchio,c-ruocchio
Jacqueline Koyanagi,j-koyanagi
Mike Brooks,m-brooks
John Jackson Miller,j-miller
Linden A. Lewis,la-lewis
Carolyn Ives Gilman,c-gilman
Kristine Kathryn Rusch,k-rusch
Drew Karpyshyn,d-karpyshy
Lina Rather,l-rather
Sarah A. Hoyt,sa-hoyt
Kathy Tyers,k-tyers
K. Eason,k-eason
Rhonda Mason,r-mason
M.C.A. Hogarth,m-hogarth
Dave Wolverton,d-wolverto
Steven Erikson,s-erikson
Stina Leicht,s-leicht
James Kahn,j-kahn
James H. Schmitz,jh-schmitz
Margaret Weis,m-weis
Paul S. Kemp,ps-kemp
R.A. Salvatore,r-salvator
Essa Hansen,e-hansen
Alexander Freed,a-freed
L. Ron Hubbard,l-hubbard
Spencer Ellsworth,s-ellswort
Zack  Jordan,z-jordan
Michael Moreci,m-moreci
Mike   Smith,m-smith
George Lucas,g-lucas
A.R. Capetta,a-capetta
M.K. England,m-england
Helen S. Wright,hs-wright
Kristyn Merbeth,k-merbeth
E. William Brown,e-brown
Everina Maxwell,e-maxwell
James Alan Gardner,j-gardner
David Zindell,d-zindell
Sherwood Smith,s-smith
Glen Cook,g-cook
Jason Fry,j-fry
A.K. DuBoff,a-duboff
A.E. van Vogt,a-vogt
AdriAnne Strickland,a-strickla
Kristine Smith,k-smith
Frank M. Robinson,fm-robinson
Barbara Hambly,b-hambly
T.J. Berry,t-berry
J.N. Chaney,j-chaney
Dan Moren,d-moren
Greg Weisman,g-weisman
Carol Van Natta,c-natta
EJ Fisch,e-fisch
Eric Brown,e-brown
Toby Frost,t-frost
Zoe Archer,z-archer
Karen Osborne,k-osborne
Tillie Walden,t-walden
Maura Milan,m-milan
Sasha Alsberg,s-alsberg
Barry J. Hutchison,bj-hutchiso
D. Nolan Clark,d-clark
Joe Zieja,j-zieja
John Love,j-love
Kathryn Cramer,k-cramer
Colin Greenland,c-greenlan
Adam-Troy Castro,a-castro
Troy Denning,t-denning
Alexa Donne,a-donne
Michael-Scott Earle,m-earle
Melinda M. Snodgrass,mm-snodgras
Devon Monk,d-monk
A.A. Aguirre,a-aguirre
Cindy Spencer Pape,c-pape
Dru Pagliassotti,d-pagliass
Josiah Bancroft,j-bancroft
A.W. Exley,a-exley
Liesel Schwarz,l-schwarz
Katie MacAlister,k-macalist
Nancy Campbell Allen,n-allen
Betsy Cornwell,b-cornwell
Kristen Callihan,k-callihan
Genevieve Valentine,g-valentin
Karina Cooper,k-cooper
Kate Cross,k-cross
Margaret Foxe,m-foxe
Suzanne Lazear,s-lazear
Robyn Bennis,r-bennis
Maureen Doyle McQuerry,m-mcquerry
Ann VanderMeer,a-vanderme
Beth Ciotta,b-ciotta
Kristin Bailey,k-bailey
Stefan Bachmann,s-bachmann
Emma Cornwall,e-cornwall
Jillian Stone,j-stone
Tim Akers,t-akers
James P. Blaylock,jp-blaylock
Moira Rogers,m-rogers
Calista Taylor,c-taylor
Wendy Spinale,w-spinale
Joe Benítez,j-benítez
Jonathan  Barnes,j-barnes
Brian  McClellan,b-mcclella
Paul Crilley,p-crilley
Michelle Modesto,m-modesto
Angela Knight,a-knight
Delphine Dryden,d-dryden
C.J. Archer,c-archer
Anne Renwick,a-renwick
Richard Ellis Preston Jr.,r-jr.
Jacqueline Garlick,j-garlick
Alexis  Hall,a-hall
Jaleigh Johnson,j-johnson
Jeannie Lin,j-lin
Matthew J. Kirby,mj-kirby
Theresa Meyers,t-meyers
Curtis Craddock,c-craddock
Frank Tuttle,f-tuttle
Stephen L. Antczak,sl-antczak
Alan Campbell,a-campbell
S.M. Reine,s-reine
Philippa Ballantine,p-ballanti
D.M. Cornish,d-cornish
G.D. Falksen,g-falksen
Jax Garren,j-garren
Seleste deLaney,s-delaney
Heather Blackwood,h-blackwoo
K.Z. Snow,k-snow
Jaida Jones,j-jones
Mary Wine,m-wine
Lora Leigh,l-leigh
Karen Kincy,k-kincy
Claire Robyns,c-robyns
Trisha Wolfe,t-wolfe
Megan Curd,m-curd
Art Donovan,a-donovan
Mathias Malzieu,m-malzieu
Kate Milford,k-milford
Gail Dayton,g-dayton
Joseph R. Lallo,jr-lallo
Christine  Bell,c-bell
Nick  James,n-james
Rhys Ford,r-ford
Ishbelle Bee,i-bee
Gwendolyn Clare,g-clare
Eric R. Asher,er-asher
Leslie Anderson,l-anderson
Fran Wilde,f-wilde
Jason G. Anderson,jg-anderson
Jean Campbell,j-campbell
Amy Lane,a-lane
Dr. Grymm,d-grymm
Edgar Allan Poe,e-poe
Joseph Robert Lewis,j-lewis
Tonia Brown,t-brown
William Jablonsky,w-jablonsk
Jamie Sedgwick,j-sedgwick
Sherry D. Ficklin,sd-ficklin
Gareth D. Jones,gd-jones
Robert Appleton,r-appleton
Leanna Renee Hieber,l-hieber
Evangeline Denmark,e-denmark
Christelle Dabos,c-dabos
Ariel Tachna,a-tachna
Jedediah Berry,j-berry
Joel N. Ross,jn-ross
Sharon Gosling,s-gosling
Kristina Wright,k-wright
JoSelle Vanderhooft,j-vanderho
Kathryn  Rose,k-rose
Kara Jorgensen,k-jorgense
Jordan Elizabeth,j-elizabet
Jaymee Goh,j-goh
Pauline Creeden,p-creeden
Langley Hyde,l-hyde
Kristen Painter,k-painter
Nick Valentino,n-valentin
Teri Brown,t-brown
William  Alexander,w-alexande
K.J. Parker,k-parker
J. Scott Savage,j-savage
Rachel Grace,r-grace
D.L. King,d-king
Emily R. King,er-king
Kate  McIntyre,k-mcintyre
Andrew Mayne,a-mayne
C.S. Poe,c-poe
Thomas  Brennan,t-brennan
Nikki McCormack,n-mccormac
E.E. Ottoman,e-ottoman
Kim Knox,k-knox
Brian Kesinger,b-kesinger
S.M. Blooding,s-blooding
Celine Jeanjean,c-jeanjean
Carrie Patel,c-patel
Emily  Thompson,e-thompson
John Claude Bemis,j-bemis
Brian J. Robb,bj-robb
Heather Albano,h-albano
Ian Whates,i-whates
Joe R. Lansdale,jr-lansdale
T. Aaron Payton,t-payton
Angela James,a-james
Alan K. Baker,ak-baker
Elizabeth   Hunter,e-hunter
Ed Greenwood,e-greenwoo
Lucy Saxon,l-saxon
Shannon Delany,s-delany
Michael Coorlim,m-coorlim
Sheryl Nantus,s-nantus
Jon Messenger,j-messenge
D.L. Mackenzie,d-mackenzi
David H. Burton,dh-burton
A.R. Ivanovich,a-ivanovic
Ciar Cullen,c-cullen
Sean Kennedy,s-kennedy
Karuna Riazi,k-riazi
Bill Willingham,b-willingh
Jordan Reece,j-reece
Leigh Statham,l-statham
Elizabeth Watasin,e-watasin
Tee Morris,t-morris
K.J. Bishop,k-bishop
Devin Harnois,d-harnois
Sean Wallace,s-wallace
S.S. Taylor,s-taylor
Stefan Petrucha,s-petrucha
Tamara Rose Blodgett,t-blodgett
Robert Rankin,r-rankin
Scott E. Tarbet,se-tarbet
James Calbraith,j-calbrait
Helen Scott Taylor,h-taylor
Monica Fairview,m-fairview
E.M. Havens,e-havens
Lara Nance,l-nance
Brooke Johnson,b-johnson
Christine Danse,c-danse
Mary Fan,m-fan
Hollis Shiloh,h-shiloh
Katy O'Dowd,k-o'dowd
Danielle Ackley-McPhail,d-ackley-m
Michael Pryor,m-pryor
Nathalie Gray,n-gray
Mark Frost,m-frost
Sara C. Roethle,sc-roethle
Morgan L. Busse,ml-busse
Brent Nichols,b-nichols
Ian Beck,i-beck
H.L. Burke,h-burke
Gail Z. Martin,gz-martin
Dean F. Wilson,df-wilson
Guy Adams,g-adams
Thomas Willeford,t-willefor
R.J. Theodore,r-theodore
Kaja Foglio,k-foglio
Christine Norris,c-norris
Trudi Canavan,t-canavan
Andy Gavin,a-gavin
Augusta Li,a-li
Jay Strongman,j-strongma
Cecilia Tan,c-tan
Jun Mochizuki,j-mochizuk
Cecilia Dominic,c-dominic
Rajan Khanna,r-khanna
Katherine Gleason,k-gleason
P.C. Martin,p-martin
Anthony Huso,a-huso
Pierre Pevel,p-pevel
Mark Gatiss,m-gatiss
Glenn Dakin,g-dakin
Mollie E. Reeder,me-reeder
Rjurik Davidson,r-davidson
Martin Kee,m-kee
Kerstin Gier,k-gier
'Captain' Robert Brown,'-brown
Neal Barrett Jr.,n-jr.
Theodore Judson,t-judson
Paula Volsky,p-volsky
Becca Andre,b-andre
Monique Martin,m-martin
Tilda Booth,t-booth
Jon Del Arroz,j-arroz
Trisha Telep,t-telep
Lindsay Mead,l-mead
Lisa Morton,l-morton
Anna  Martin,a-martin
Jonathon Burgess,j-burgess
Cornelia Grey,c-grey
Brian Ruckley,b-ruckley
Chris Dolley,c-dolley
Thomas K. Carpenter,tk-carpente
Vivi Anna,v-anna
M.J. Fletcher,m-fletcher
Jared Axelrod,j-axelrod
Catherine Webb,c-webb
Paul Stewart,p-stewart
Jesse Hajicek,j-hajicek
Paul Kater,p-kater
Rosiee Thor,r-thor
Kent  Davis,k-davis
Lisa Falkenstern,l-falkenst
Gaie Sebold,g-sebold
Nathan Yocum,n-yocum
Darrell Pitt,d-pitt
Nico Rosso,n-rosso
Bernd Perplies,b-perplies
Matthew Flaming,m-flaming
Elizabeth Chatsworth,e-chatswor
Carole Cummings,c-cummings
Claire Legrand,c-legrand
Fabrice Colin,f-colin
Katherine McIntyre,k-mcintyre
Coleen Kwan,c-kwan
Cassandra Duffy,c-duffy
Daniel Abraham,d-abraham
Morgan Karpiel,m-karpiel
Honor Raconteur,h-raconteu
Sarah Jean Horwitz,s-horwitz
Julia Knight,j-knight
K.M. Weiland,k-weiland
K.M. McKinley,k-mckinley
J.C. Staudt,j-staudt
Ava  Morgan,a-morgan
Daniel Patrick,d-patrick
Oisin McGann,o-mcgann
Andrius B. Tapinas,ab-tapinas
Gloria Harchar,g-harchar
Jaq D. Hawkins,jd-hawkins
Chris-Rachael Oseland,c-oseland
Trent Jamieson,t-jamieson
Kirsten Weiss,k-weiss
Jennifer Harlow,j-harlow
Bridget Ladd,b-ladd
Nat Iwata,n-iwata
M. Suddain,m-suddain
Col Buchanan,c-buchanan
Margaret Killjoy,m-killjoy
Jeff Wheeler,j-wheeler
H. Leighton Dickson,h-dickson
Vered Ehsani,v-ehsani
Corrina Lawson,c-lawson
K.A. Barker,k-barker
E. Catherine Tobler,e-tobler
Ankaret Wells,a-wells
Rae Gee,r-gee
Anitra Lynn McLeod,a-mcleod
Matthew  Cody,m-cody
Greg Broadmore,g-broadmor
Alex Acks,a-acks
Kate M. Colby,km-colby
Chris Kohout,c-kohout
MeiLin Miranda,m-miranda
Sasha L. Miller,sl-miller
Major Tinker,m-tinker
Emilie P. Bush,ep-bush
Julia Verne St. John,j-john
L.A. Nisula,l-nisula
Angela Quarles,a-quarles
Gregory Funaro,g-funaro
Charlotte E. English,ce-english
Kersten Hamilton,k-hamilton
Dominique Frost,d-frost
Lorraine Ulrich,l-ulrich
J.K. Coi,j-coi
Jenny Schwartz,j-schwartz
Cat Rambo,c-rambo
Jacques Tardi,j-tardi
Robert Rodgers,r-rodgers
Vashti Hardy,v-hardy
Alisa Kwitney,a-kwitney
Tammy Blackwell,t-blackwel
Egan Brass,e-brass
Matthew Daley,m-daley
E.C. Jarvis,e-jarvis
Lisa Tawn Bergren,l-bergren
Rebecca Stead,r-stead
Jude Deveraux,j-deveraux
Shay Savage,s-savage
Susanna Kearsley,s-kearsley
Myra McEntire,m-mcentire
Julie McElwain,j-mcelwain
Julie Cross,j-cross
Bee Ridgway,b-ridgway
Tamara Ireland Stone,t-stone
Margarita Montimore,m-montimor
Lynn Kurland,l-kurland
Linda Howard,l-howard
Sarah Woodbury,s-woodbury
Marlys Millhiser,m-millhise
Daphne du Maurier,d-maurier
Jennifer Donnelly,j-donnelly
Bethany Claire,b-claire
Melissa Mayhue,m-mayhue
April White,a-white
Janet Chapman,j-chapman
Rachel  Harris,r-harris
Shelly Thacker,s-thacker
Jay Asher,j-asher
Elle Strauss,e-strauss
Diane Chamberlain,d-chamberl
Andrew Sean Greer,a-greer
Peggy L. Henderson,pl-henderso
Catherine Bybee,c-bybee
Justin A. Reynolds,ja-reynolds
Nichole Van,n-van
Toshikazu Kawaguchi,t-kawaguch
Jane Yolen,j-yolen
Nathan Van Coops,n-coops
Philippa Pearce,p-pearce
Linda Buckley-Archer,l-buckley-
Beatriz Williams,b-williams
Caroline B. Cooney,cb-cooney
Carolyn MacCullough,c-maccullo
Marianne Curley,m-curley
Calia Read,c-read
Christina Lauren,c-lauren
Paula Brackston,p-bracksto
Karen Akins,k-akins
James   Allen,j-allen
Brenda Joyce,b-joyce
Lisa Grunwald,l-grunwald
Teresa Medeiros,t-medeiros
Angeline Fortin,a-fortin
Katherine Lowry Logan,k-logan
Katherine  Locke,k-locke
Charles Dickens,c-dickens
Melodie Winawer,m-winawer
Renee     Collins,r-collins
Lisa Mangum,l-mangum
Laurie Viera Rigler,l-rigler
Jo Barrett,j-barrett
James Gleick,j-gleick
Sandra Hill,s-hill
Larissa Brown,l-brown
Danielle  Rollins,d-rollins
Tiffany Reisz,t-reisz
Selden Edwards,s-edwards
Barbara Longley,b-longley
E.B. Brown,e-brown
Jessi Gage,j-gage
Mitch Albom,m-albom
Anita Clenney,a-clenney
Lauren Kate,l-kate
Kelly Robson,k-robson
John  Stephens,j-stephens
Alison Uttley,a-uttley
Penelope Farmer,p-farmer
Laura Hunsaker,l-hunsaker
Gina Lamm,g-lamm
John A. Heldt,ja-heldt
Jane Goodger,j-goodger
Julianne MacLean,j-maclean
Michael J. Sullivan,mj-sullivan
Dee Davis,d-davis
Damian Duffy,d-duffy
N.J. Layouni,n-layouni
Rachel       Carter,r-carter
Debbie Mazzuca,d-mazzuca
Karen Chance,k-chance
Nicola Cornick,n-cornick
M.G. Buehrlen,m-buehrlen
Julian  May,j-may
Elizabeth Briggs,e-briggs
Emily Whitman,e-whitman
Gwen Cole,g-cole
Kelley Armstrong,k-armstron
Harriet Reuter Hapgood,h-hapgood
Edward Aubry,e-aubry
Helen  Douglas,h-douglas
Tamara Leigh,t-leigh
Melissa Pearl,m-pearl
Ian Mortimer,i-mortimer
Mandy Hubbard,m-hubbard
Virginia Henley,v-henley
Iain Pears,i-pears
Amalie Jahn,a-jahn
Veronica Wolff,v-wolff
Jacqueline Rayner,j-rayner
Cynthia Luhrs,c-luhrs
Cassidy Cayman,c-cayman
Suzanne Selfors,s-selfors
Rebecca Serle,r-serle
Bianca Turetsky,b-turetsky
Maurissa Guibord,m-guibord
Mary Pope Osborne,m-osborne
Meg Cabot,m-cabot
Diane Darcy,d-darcy
Marisa de los Santos,m-santos
Sherman Alexie,s-alexie
R.R. Haywood,r-haywood
Suzanne Frank,s-frank
Michelle Warren,m-warren
Marisha Pessl,m-pessl
Barbara Erskine,b-erskine
Constance O'Day-Flannery,c-o'day-fl
Janette Rallison,j-rallison
Theresa Ragan,t-ragan
Mo Daviau,m-daviau
Magnus Flyte,m-flyte
Sariah Wilson,s-wilson
Hazel Hunter,h-hunter
Melanie Gideon,m-gideon
Leila Sales,l-sales
Barbara Bretton,b-bretton
Jill  Cooper,j-cooper
Anya Seton,a-seton
Meredith McCardle,m-mccardle
Deborah Truscott,d-truscott
Morgan O'Neill,m-o'neill
Isabel Cooper,i-cooper
Ceci Giltenan,c-giltenan
Scott Wilbanks,s-wilbanks
Melissa E. Hurst,me-hurst
Thomas Mullen,t-mullen
Ichigo Takano,i-takano
Robin Schone,r-schone
Kinley MacGregor,k-macgrego
Carey Corp,c-corp
Maddy Barone,m-barone
Jerry Merritt,j-merritt
Christine Riccio,c-riccio
Polly Shulman,p-shulman
Kamery Solomon,k-solomon
J.L. Merrow,j-merrow
Carl Ashmore,c-ashmore
Heather Davis,h-davis
Kathleen Kirkwood,k-kirkwood
Ruth Park,r-park
Monica Burns,m-burns
Tracy Cooper-Posey,t-cooper-p
Laura Vosika,l-vosika
Guillaume Prévost,g-prévost
Kristin Hannah,k-hannah
Claudia Lefeve,c-lefeve
K.M. Shea,k-shea
Sandy Blair,s-blair
Ross Welford,r-welford
Donna Grant,d-grant
Richard Doetsch,r-doetsch
Alex Flinn,a-flinn
Alan Lightman,a-lightman
Charles Dickinson,c-dickinso
Jill Myles,j-myles
Susan Sizemore,s-sizemore
Bess McBride,b-mcbride
Tamara Gill,t-gill
Irina Shapiro,i-shapiro
Courtney Cole,c-cole
Pamela Mingle,p-mingle
Annie Barrows,a-barrows
Elizabeth O'Roark,e-o'roark
John Wray,j-wray
Lexa Hillyer,l-hillyer
Laurie Brown,l-brown
Lindsay  Smith,l-smith
Kiese Laymon,k-laymon
Jennifer Connors,j-connors
Lisa Cach,l-cach
Linda Lael Miller,l-miller
Chelsea Bobulski,c-bobulski
Amanda Gray,a-gray
Lisa Kleypas,l-kleypas
Judith Tarr,j-tarr
Kara Connolly,k-connolly
L.E. DeLano,l-delano
Jenn LeBlanc,j-leblanc
Denise Daye,d-daye
Emma Prince,e-prince
Sean Ferrell,s-ferrell
B. Kristin McMichael,b-mcmichae
Darryl Brock,d-brock
Beth Kery,b-kery
Catherine    Taylor,c-taylor
Michelle Madow,m-madow
R.A. MacAvoy,r-macavoy
Heather Graham,h-graham
Susan Cooper,s-cooper
Edward Ormondroyd,e-ormondro
Shawn Inmon,s-inmon
Daniel Clowes,d-clowes
Nancy Scanlon,n-scanlon
Molly Horton Booth,m-booth
Caroline Hanson,c-hanson
Hope Larson,h-larson
Delia Sherman,d-sherman
Eve Marie Mont,e-mont
Cathleen Davitt Bell,c-bell
Gwendolyn Womack,g-womack
Ali McNamara,a-mcnamara
Christy Sloat,c-sloat
Rowan Coleman,r-coleman
Matthew Loux,m-loux
Donna Hosie,d-hosie
Joanne Wadsworth,j-wadswort
Melissa Lynne Blue,m-blue
Rumiko Takahashi,r-takahash
Janet Lunn,j-lunn
Linda   Davies,l-davies
Libby Drew,l-drew
L.L. Muir,l-muir
Tracey Jane Jackson,t-jackson
Susan Price,s-price
Colleen Houck,c-houck
Jonathan Morris,j-morris
Julia Templeton,j-templeto
Jackie North,j-north
Jennae Vale,j-vale
Cate Dean,c-dean
J.H. Walker,j-walker
Yasutaka Tsutsui,y-tsutsui
Michael  Bishop,m-bishop
Chie Shinohara,c-shinohar
Alexis Stanton,a-stanton
Joanna Bell,j-bell
Katy Baker,k-baker
Bella Street,b-street
J.A. Saare,j-saare
Sarah Mlynowski,s-mlynowsk
Erin Quinn,e-quinn
Robert Liparulo,r-liparulo
Traci Harding,t-harding
Edward Bloor,e-bloor
Randall Ingermanson,r-ingerman
Olivia Cunning,o-cunning
Allie Mackay,a-mackay
Deb Stover,d-stover
Jillian Cantor,j-cantor
Parker Peevyhouse,p-peevyhou
Cidney Swanson,c-swanson
Maeve Greyson,m-greyson
Gaby Triana,g-triana
Heidi Belleau,h-belleau
Frankie Robertson,f-robertso
Angie Sage,a-sage
Ted Bell,t-bell
Nick   Jones,n-jones
Florian Armas,f-armas
Theodora Taylor,t-taylor
James Renner,j-renner
Jerry Dubs,j-dubs
R. Garcia y Robertson,r-robertso
Todd A. Fonseca,ta-fonseca
Virginia Farmer,v-farmer
Kate Mosse,k-mosse
Jayla Jasso,j-jasso
Angie Stanton,a-stanton
Kristy Tate,k-tate
A.M. Dellamonica,a-dellamon
Claire R. McDougall,cr-mcdougal
Clover Autrey,c-autrey
Amber Scott,a-scott
Imogen Rose,i-rose
Terri Brisbin,t-brisbin
Stephen Cole,s-cole
Maiya Williams,m-williams
Tess Mallory,t-mallory
Liz Kessler,l-kessler
Edward Bellamy,e-bellamy
Stella  Knight,s-knight
P.S. Martinez,p-martinez
Lorraine Beaumont,l-beaumont
Cynthia Swanson,c-swanson
Eva Völler,e-völler
Sandy Loyd,s-loyd
Alan Averill,a-averill
Eliza Knight,e-knight
Nina Bangs,n-bangs
Kathryn Lasky,k-lasky
Scarlett Thomas,s-thomas
Bryan Lee O'Malley,b-o'malley
Brandon Montclare,b-montclar
Aviva Orr,a-orr
Kelly  Moore,k-moore
Elaine Coffman,e-coffman
Patrick  Lee,p-lee
Karl Alexander,k-alexande
Lina J. Potter,lj-potter
Madeline J. Reynolds,mj-reynolds
E.J. Swift,e-swift
Kari Maaren,k-maaren
Red L. Jameson,rl-jameson
Chess Desalls,c-desalls
Ruth Ozeki,r-ozeki
David Lomax,d-lomax
Neve Maslakovic,n-maslakov
G.L. Breedon,g-breedon
Edward Eager,e-eager
Claire Cross,c-cross
Eugenia Riley,e-riley
Lewis Shiner,l-shiner
Kit Pearson,k-pearson
Kiku Hughes,k-hughes
Samantha Sotto,s-sotto
Gwyn Cready,g-cready
W.  Lawrence,w-lawrence
Tamara Allen,t-allen
Emma Kaye,e-kaye
Kella McKinnon,k-mckinnon
Ciji Ware,c-ware
Victoria Alexander,v-alexande
Cindy Miles,c-miles
Madeline Baker,m-baker
Jana Oliver,j-oliver
Sara Mackenzie,s-mackenzi
Barry N. Malzberg,bn-malzberg
Kimberly Hoyt,k-hoyt
Constance Sayers,c-sayers
Wendy Nikel,w-nikel
Elizabeth Davies,e-davies
Everett Maroon,e-maroon
Claudy Conn,c-conn
Kat Bastion,k-bastion
Lauren Baratz-Logsted,l-baratz-l
Graham Storrs,g-storrs
Pamela Montgomerie,p-montgome
Jenny Lykins,j-lykins
Pierdomenico Baccalario,p-baccalar
Judie Aitken,j-aitken
Jo Noelle,j-noelle
Lexy Timms,l-timms
Natalie Ward,n-ward
Geoff   Jones,g-jones
Lori Dillon,l-dillon
Jen Lancaster,j-lancaste
Elizabeth Langston,e-langston
Pamela DuMond,p-dumond
Damian Dibben,d-dibben
Karen Michelle Nutt,k-nutt
Allison Kraft,a-kraft
Tyra Lynn,t-lynn
Thea Beckman,t-beckman
Rebecca Preston,r-preston
Sabrina York,s-york
D.L. Orton,d-orton
Kate Messner,k-messner
Michelle Willingham,m-willingh
Dana Roquet,d-roquet
Callie Hutton,c-hutton
Amanda   James,a-james
Robin Lovejoy-Tolkien,r-lovejoy-
Georgina Young-Ellis,g-young-el
Kate Saunders,k-saunders
Jeanette Baker,j-baker
Paul Levinson,p-levinson
Zetta Elliott,z-elliott
James A. Owen,ja-owen
Peter Delacorte,p-delacort
Wilson Tucker,w-tucker
Wendy Markham,w-markham
Callie Langridge,c-langridg
Juliana  Gray,j-gray
Jillie Rivers,j-rivers
David L.  Williams,dl-williams
Sandra Landry,s-landry
Suzanne Brockmann,s-brockman
J. Richard Gott III,j-iii
Jenny Nimmo,j-nimmo
Georgia Byng,g-byng
Robert Dickinson,r-dickinso
Karen Musser Nortman,k-nortman
Annabelle Costa,a-costa
Susan Squires,s-squires
Kim Curran,k-curran
Evan Mandery,e-mandery
Rima Jean,r-jean
Addison Moore,a-moore
Lynne Reid Banks,l-banks
John R. Maxim,jr-maxim
Crystal Jordan,c-jordan
Jacqueline Sheehan,j-sheehan
Kathryn Reiss,k-reiss
Allison Winn Scotch,a-scotch
Paullina Simons,p-simons
Diana Knightley,d-knightle
Pam McCutcheon,p-mccutche
Bob Gale,b-gale
Amy Jarecki,a-jarecki
C.B. Lewis,c-lewis
Catherine Anderson,c-anderson
Pamela Hartshorne,p-hartshor
Marlene Dotterer,m-dotterer
Sky Purington,s-puringto
Laura Kreitzer,l-kreitzer
Charlotte Stein,c-stein
Elizabeth Chater,e-chater
Edward Packard,e-packard
Mary Downing Hahn,m-hahn
Helen   Fisher,h-fisher
Rachel Givney,r-givney
Lamar Giles,l-giles
Édith,é-édith
Cecelia Mecca,c-mecca
Tom Merritt,t-merritt
Zoe Matthews,z-matthews
Daniel Godfrey,d-godfrey
Kitty Margo,k-margo
Anna Belfrage,a-belfrage
Abbie Zanders,a-zanders
P.K. Hrezo,p-hrezo
Tanya Anne Crosby,t-crosby
Kim Murphy,k-murphy
Deborah Heal,d-heal
Alison  Stuart,a-stuart
Bob Atkinson,b-atkinson
Phil Hornshaw,p-hornshaw
Patti Berg,p-berg
Stephen Hawking,s-hawking
Rosemary Wells,r-wells
Tia Isabella,t-isabella
Duane Swierczynski,d-swierczy
Susan Krinard,s-krinard
Mike Tucker,m-tucker
Kristen Britain,k-britain
Pete Hamill,p-hamill
Nancy Bond,n-bond
Mariah Stone,m-stone
Cassandra Gannon,c-gannon
Lisa Goldstein,l-goldstei
Lily Silver,l-silver
Marcus Sedgwick,m-sedgwick
Debra Dier,d-dier
Robert Kerr,r-kerr
C.K. Kelly Martin,c-martin
Anne Kelleher,a-kelleher
Christopher L. Bennett,cl-bennett
Stuart Gibbs,s-gibbs
George Gipe,g-gipe
Megan Hart,m-hart
Amy J. Fetzer,aj-fetzer
Sophia Johnson,s-johnson
Martin Amis,m-amis
Julia L. Sauer,jl-sauer
